county,id,okrug,okrug_id,year,vote_milosevic,vote_opposition,vote_srs,turnout,bombed,year00,employed_per_1000inh,pop_per_doctor,refugees_perc_pop,minorpc91,femalepc91,pop_chng_98_02,irp,urbanpc91,age20_34pc,illiterate_pc,allen_vincent_2011
ADA,1,SEVERNOBANATSKI,3,1992,4.361623616,7.963099631,6.531365314,75.73,0,0,239,700,0.016228029,0.847856412,0.509403221,-0.073463415,0.001170732,0.91239177,0.187217016,0.011529957,0
ALEKSANDROVAC,2,RASINSKI,19,1992,42.33484863,11.39858787,21.27381758,79.65,0,0,175,770,0.024476893,0.016046967,0.494,-0.106717325,0.009148936,0.191541314,0.190309299,0.055837218,0
ALEKSINAC,3,NISAVSKI,20,1992,37.87412587,6.382708201,29.87666879,80.23,1,0,150,483,0.030558862,0.058846563,0.507522442,-0.051740558,0.017011494,0.292061556,0.182392769,0.055204419,0
ALIBUNAR,4,JUZNOBANATSKI,4,1992,23.14126974,19.2458955,18.240839,74.16,0,0,194,634,0.046881477,0.467081213,0.510094162,-0.099843137,0.004196078,0.377551789,0.176831925,0.037335541,0
APATIN,5,ZAPADNOBACKI,5,1992,30.09246155,5.269365034,25.5401453,82.81,0,0,261,825,0.257129004,0.495863511,0.519291626,0.012746914,0.00308642,0.559548442,0.195014171,0.025843416,0
ARANDJELOVAC,6,SUMADIJSKI,12,1992,27.43319441,17.58834448,23.35306273,77.01,1,0,281,492,0.082027805,0.052396153,0.510248225,0.015379747,0.047637131,0.498760973,0.201271583,0.020611274,1
ARILJE,7,ZLATIBORSKI,16,1992,27.53293218,8.472922426,15.21385591,79,0,0,306,597,0.024489796,0.019326285,0.504604324,-0.020594059,0.003118812,0.299108682,0.194348969,0.035432673,0
BABUSNICA,8,PIROTSKI,22,1992,48.82300358,6.875744934,20.21752086,83.41,0,0,162,569,0.010965706,0.099518957,0.496456835,-0.106022727,0.001931818,0.220865877,0.143701538,0.096351849,0
BAC,9,JUZNOBACKI,6,1992,17.08043694,11.99783335,20.45680238,83.38,0,0,211,1018,0.02979519,0.629369819,0.510261031,-0.048654971,0.000350877,0.351491192,0.187607573,0.036083108,0
BACKA PALANKA,10,JUZNOBACKI,6,1992,30.44330798,14.52078751,29.60862768,82.6,1,0,264,676,0.247943073,0.276842016,0.512321131,0.035076401,0.002427844,0.455117093,0.202571925,0.027326707,0
BACKA TOPOLA,11,SEVERNOBACKI,1,1992,6.6300692,4.77055708,6.784706383,78.17,0,0,277,605,0.15357412,0.779532034,0.512313811,-0.021867008,0.002787724,0.412617642,0.185069944,0.021414564,0
BACKI PETROVAC,12,JUZNOBACKI,6,1992,13.25163568,9.315609098,10.53068855,80.15,0,0,210,918,0.048397395,0.790512067,0.509070005,-0.040457516,0.000457516,0.462187021,0.189837205,0.017573735,0
BAJINA BASTA,13,ZLATIBORSKI,16,1992,28.07533137,9.90223715,26.15006298,73.54,1,0,223,792,0.064746025,0.01731267,0.500084042,0.001752577,0.002783505,0.287592026,0.193543961,0.059757813,0
BARAJEVO,14,BEOGRAD,0,1992,30.43861759,11.29019325,24.40862802,71.64,1,0,142,688,0.174851019,0.058576246,0.49956114,0.135529954,0.050829493,0,0.196095938,0.025688892,0
BATOCINA,15,SUMADIJSKI,12,1992,27.91775612,18.86142144,22.43879249,78.74,0,0,199,782,0.030388588,0.029496991,0.505994158,-0.067175573,0.052671756,0.377305026,0.193698854,0.035351882,0
BECEJ,16,JUZNOBACKI,6,1992,12.90568781,11.37197892,1.39923678,79,0,0,285,633,0.05978681,0.665104838,0.512103105,-0.002749392,0.004793187,0.624112478,0.195257033,0.018396077,0
BELA CRKVA,17,JUZNOBANATSKI,4,1992,3.38406975,22.02600857,19.35126348,78.85,1,0,203,560,0.041253638,0.262411946,0.515174733,-0.125879828,0.00167382,0.49521134,0.201404232,0.027642755,0
BELA PALANKA,18,PIROTSKI,22,1992,41.28154995,4.114824031,28.00391042,80.94,0,0,248,527,0.02097647,0.071319998,0.496807928,-0.053881579,0.007236842,0.507508968,0.155482929,0.045059453,0
BEOCIN,19,JUZNOBACKI,6,1992,15.40478532,15.39385994,16.92341309,83.11,1,0,286,888,0.131802263,0.399649784,0.502860604,0.065298013,0.018013245,0.529918557,0.201168718,0.01952008,1
BLACE,20,TOPLICKI,21,1992,43.86778192,11.02489167,27.11881487,78.76,1,0,193,755,0.022916799,0.015978102,0.509071233,-0.064013605,0.065578231,0.332802852,0.158514427,0.094338251,1
BOGATIC,21,MACVANSKI,8,1992,32.59094642,18.45016667,21.17493599,79.03,1,0,87,1221,0.061327603,0.027614844,0.497764098,-0.023964497,0.001420118,0,0.191876326,0.057108215,0
BOJNIK,22,JABLANICKI,23,1992,57.07623682,4.480940795,23.47931873,86.98,0,0,161,710,0.013174231,0.075596634,0.496137398,-0.063,0.015928571,0,0.17022412,0.136758652,0
BOLJEVAC,23,ZAJECARSKI,15,1992,31.49632599,12.34134937,13.27655311,77.56,1,0,178,648,0.027496905,0.162505159,0.509157321,-0.133934426,0.004863388,0.284854409,0.152627926,0.043409679,0
BOR,24,BORSKI,14,1992,28.09998321,17.31232156,22.4094497,77.2,1,0,371,307,0.015409015,0.175442404,0.505809683,-0.068163606,0.006193656,0.676863672,0.19651719,0.027088521,0
BOSILEGRAD,25,PCINJSKI,24,1992,61.92886457,8.878248974,9.466484268,81.34,1,0,183,471,0.00601168,0.899948471,0.497436336,-0.105315315,0.006576577,0.208511366,0.184573558,0.072097473,1
BRUS,26,RASINSKI,19,1992,48.4306316,7.542222565,25.37981029,79.19,1,0,192,700,0.026346632,0.016220524,0.492671506,-0.102200957,0.008038278,0.213439476,0.184448945,0.079034321,0
BUJANOVAC,27,PCINJSKI,24,1992,28.43324986,3.181617322,15.76078951,71.37,1,0,110,1121,0.005646046,0.284284529,0.492896548,-0.206923077,0.086868132,0.182770052,0.222368482,0.082813727,0
CACAK,28,MORAVICKI,17,1992,25.91763217,22.90498908,22.16643254,78.71,1,0,281,398,0.043413122,0.0380539,0.508172337,-0.00109215,0.022329352,0.611643016,0.19529862,0.016647875,1
CAJETINA,29,ZLATIBORSKI,16,1992,25.26858616,17.56553502,27.82552643,72.88,1,0,287,421,0.039572393,0.01287822,0.501311516,-0.010886076,0.005506329,0.105171122,0.179101612,0.056053238,0
CICEVAC,30,RASINSKI,19,1992,33.70350549,18.39710998,25.55525823,80.92,1,0,242,682,0.037849792,0.037764736,0.514501999,-0.048230088,0.031150442,0.459130731,0.177405858,0.037284984,0
COKA,31,SEVERNOBANATSKI,3,1992,12.56650866,8.203540679,16.04914385,86.92,0,0,269,1057,0.042171436,0.672320084,0.511694949,-0.032727273,0.001678322,0.343575968,0.175607287,0.012145749,0
CRNA TRAVA,32,JABLANICKI,23,1992,58.98807075,2.838338132,23.44714109,77.72,0,0,340,700,0.019002375,0.016363157,0.483854434,-0.1990625,0.001875,0,0.123683184,0.104955131,0
CUKARICA,33,BEOGRAD,0,1992,23.21880486,24.54572399,2.187592622,70.1,1,0,195,532,0.131402297,0.12881551,0.510830243,0.045334988,0.030700993,0.842502015,0.216144041,0.009839295,0
CUPRIJA,34,POMORAVSKI,13,1992,33.921743,15.03334815,24.74877723,73.36,1,0,254,177,0.028415103,0.073037913,0.511433654,-0.123577023,0.020678851,0.550852046,0.18351357,0.049602288,0
DESPOTOVAC,35,POMORAVSKI,13,1992,38.63916421,11.86177337,23.97535494,49.9,1,0,167,686,0.028403555,0.058755794,0.504490974,-0.233203593,0.007095808,0.202108549,0.175471477,0.062668385,0
DIMITROVGRAD,36,PIROTSKI,22,1992,42.37134437,13.12627522,12.00408071,28.2,1,0,320,496,0.013715896,0.774466192,0.497330961,-0.067619048,0.005873016,0.539442467,0.179860402,0.029962547,1
DOLJEVAC,37,NISAVSKI,20,1992,56.66515529,13.67036953,42.97211517,85.6,1,0,70,739,0.013406253,0.049075598,0.482441793,-0.050436893,0.007864078,0,0.190225449,0.072031082,0
GADZIN HAN,38,NISAVSKI,20,1992,27.06710605,4.875674056,20.33403235,85.57,1,0,203,513,0.012933025,0.026481909,0.49060816,-0.113220339,0.000847458,0,0.125,0.123566514,1
GOLUBAC,39,BRANICEVSKI,11,1992,40.586216,15.84367573,19.55373647,75.89,0,0,109,1033,0.029808999,0.068328938,0.508591065,-0.194065041,0.002520325,0,0.181882377,0.054877434,0
GORNJI MILANOVAC,40,MORAVICKI,17,1992,28.84205244,20.68121942,21.05444737,81.75,1,0,324,390,0.046439196,0.030566814,0.506866267,-0.025746421,0.024621677,0.447744511,0.191998489,0.024873533,1
GROCKA,41,BEOGRAD,0,1992,25.80265643,20.50837487,26.80268739,67.84,1,0,94,852,0.12988135,0.06914526,0.496710526,0.051058496,0.061016713,0.109773615,0.219913603,0.025892455,1
INDJIJA,42,SREMSKI,7,1992,25.74300016,14.17957141,33.93164399,79.99,1,0,218,754,0.329863076,0.281204029,0.511348192,0.087916667,0.004342105,0.522356619,0.199157411,0.024975307,0
IRIG,43,SREMSKI,7,1992,17.09424791,12.58439103,14.4747502,84.18,1,0,231,719,0.258464432,0.264705882,0.519151847,0.100803571,0.005982143,0.377393981,0.173980047,0.022386244,1
IVANJICA,44,MORAVICKI,17,1992,32.99058285,8.892848053,30.07381013,68.91,1,0,323,691,0.018944557,0.015673554,0.5042136,-0.031557377,0.000846995,0.308524545,0.199605022,0.047002398,1
JAGODINA,45,POMORAVSKI,13,1992,30.7469713,16.83546764,24.35053016,78.58,1,0,280,390,0.198694962,0.062631787,0.508710306,-0.074490862,0.067780679,0.485039451,0.194064378,0.032090163,1
KANJIZA,46,SEVERNOBANATSKI,3,1992,3.054414784,5.102669405,2.412731006,79.58,1,0,211,564,0.016042781,0.937817921,0.504137886,-0.064285714,0.001394558,0.376026326,0.187168302,0.010577972,0
KIKINDA,47,SEVERNOBANATSKI,3,1992,27.74713523,13.45145096,26.77908102,83.77,1,0,313,380,0.103967423,0.273547166,0.510464933,-0.045555556,0.001467236,0.617581661,0.196337423,0.023073938,0
KLADOVO ,48,BORSKI,14,1992,38.86837403,9.374627755,21.11971412,68.32,0,0,138,503,0.016530222,0.117562184,0.504563847,-0.252753165,0.002943038,0.350773188,0.182272477,0.081057045,0
KNIC,49,SUMADIJSKI,12,1992,27.8726025,17.84268872,19.76068978,75.76,1,0,100,937,0.027718436,0.028305918,0.505132043,-0.066589595,0.022485549,0,0.154756007,0.044587565,0
KNJAZEVAC,50,ZAJECARSKI,15,1992,39.01511426,10.74718862,22.39270844,83.62,1,0,291,368,0.017008811,0.04621219,0.51143026,-0.07990099,0.007054455,0.447779848,0.156569461,0.042801033,1
KOCELJEVA,51,MACVANSKI,8,1992,36.92203521,13.25207971,21.22267363,76.53,0,0,130,884,0.040904829,0.035982185,0.49718706,-0.058072289,0.000240964,0,0.187132259,0.06593758,0
KOSJERIC,52,ZLATIBORSKI,16,1992,25.29456275,11.03664469,20.55993947,77.64,0,0,184,1007,0.02648921,0.017444114,0.50536245,-0.053986486,0.002837838,0.245122109,0.176630241,0.058924363,0
KOVACICA,53,JUZNOBANATSKI,4,1992,12.86630279,16.41672407,8.929044566,78.31,1,0,166,800,0.022711609,0.694706095,0.505543892,-0.044863014,0.003527397,0.243603202,0.19261384,0.017533166,0
KOVIN,54,JUZNOBANATSKI,4,1992,29.21823664,22.92632432,18.16013322,76.54,1,0,207,453,0.065154327,0.264668217,0.50093985,-0.008032345,0.008787062,0.356855681,0.193386229,0.038747894,0
KRAGUJEVAC,55,SUMADIJSKI,12,1992,24.05790507,20.35873079,23.08239242,81.82,1,0,348,295,0.030952222,0.058894738,0.508887473,-0.034054945,0.060697802,0.815935968,0.205879342,0.01924324,1
KRALJEVO,56,RASKI,18,1992,29.00392033,16.98068678,26.19937327,75.36,1,0,248,354,0.056848901,0.051370734,0.505732231,-0.032535771,0.145461049,0.500079504,0.200095311,0.027796265,0
KRUPANJ,57,MACVANSKI,8,1992,36.40947288,11.17647059,24.30863254,76.82,0,0,147,1158,0.015128662,0.031628502,0.491064491,-0.082181818,0.000863636,0.219159925,0.198791601,0.070176307,0
KRUSEVAC,58,RASINSKI,19,1992,31.75601684,18.55668849,22.52816781,77.18,1,0,284,368,0.036528589,0.050459413,0.51078132,-0.036891496,0.054765396,0.425522062,0.201647281,0.03920285,1
KUCEVO,59,BRANICEVSKI,11,1992,37.09330465,9.135520301,11.93197096,71.62,0,0,111,1109,0.030176615,0.06218566,0.508830754,-0.259527559,0.002007874,0.188935241,0.167535091,0.077201191,0
KULA,60,ZAPADNOBACKI,5,1992,23.55316735,5.924170616,13.08657633,88.32,1,0,248,701,0.084038044,0.557664618,0.513540358,-0.000971074,0.004524793,0.602424292,0.201786859,0.020908734,1
KURSUMLIJA,61,TOPLICKI,21,1992,42.55904124,6.852308777,34.635178,78.47,1,0,227,527,0.028274693,0.047647308,0.501803063,-0.056419214,0.253275109,0.539221925,0.180997779,0.081312477,0
LAJKOVAC,62,KOLUBARSKI,9,1992,37.60822511,11.51695527,17.0995671,84.49,0,0,207,681,0.087209302,0.040415444,0.501409562,-0.025028571,0.004971429,0.193279206,0.186906576,0.038916891,0
LAPOVO,63,SUMADIJSKI,12,1992,29.79927946,21.80476926,20.36369875,79.14,0,0,253,588,0.039978903,0.033438819,0.50108692,-0.115268817,0.069677419,0.497163819,0.186922703,0.019202722,0
LAZAREVAC,64,BEOGRAD,0,1992,28.14541079,21.07826286,22.50773462,81.85,1,0,378,500,0.034611596,0.041727523,0.498300576,-0.024816667,0.033683333,0.352002364,0.199347131,0.026747107,0
LEBANE,65,JABLANICKI,23,1992,42.26719701,7.656761816,23.07557323,81.94,1,0,199,727,0.007684351,0.054787941,0.49,-0.070223881,0.010597015,0.352002364,0.187936431,0.097840918,0
LESKOVAC,66,JABLANICKI,23,1992,41.10239198,8.0325234,28.27550345,80.99,1,0,245,314,0.014519773,0.066610695,0.5,-0.03904059,0.030885609,0.419641204,0.200144638,0.065951156,0
LJIG,67,KOLUBARSKI,9,1992,26.01695723,11.43183767,16.11889111,82.88,0,0,192,775,0.04436903,0.021870287,0.493556631,-0.037565789,0.008157895,0.189416792,0.173559368,0.031649463,0
LJUBOVIJA,68,MACVANSKI,8,1992,37.09321566,11.0865968,18.09156095,78.81,1,0,163,763,0.039856452,0.014246099,0.500627338,-0.063076923,0.001098901,0.280414388,0.19358433,0.077879428,1
LOZNICA,69,MACVANSKI,8,1992,32.80463444,14.43268078,26.7359169,74.96,1,0,288,468,0.307729496,0.044443165,0.501932492,-0.009025229,0.004816514,0.226598447,0.203059725,0.041058637,1
LUCANI,70,MORAVICKI,17,1992,28.14238708,15.71043972,25.53395154,77.7,1,0,280,619,0.022490522,0.025140796,0.500328731,-0.056934866,0.002528736,0.55146468,0.171244007,0.046599496,0
MAJDANPEK,71,BORSKI,14,1992,34.15283234,16.77860854,17.74173109,77.32,0,0,363,443,0.014354591,0.084228212,0.514156522,-0.122111111,0.000666667,0.55146468,0.195249546,0.053537527,0
MALI IDJOS,72,SEVERNOBACKI,1,1992,18.93133191,6.810798701,10.22740002,85.75,1,0,199,742,0.02396832,0.886480478,0.495402381,-0.029208633,0.006043165,0.308004847,0.190306803,0.017415147,0
MALI ZVORNIK,73,MACVANSKI,8,1992,26.2301484,6.157250716,45.74329602,73.89,0,0,200,1200,0.223893364,0.136075273,0.495,-0.035890411,0.001575342,0.308004847,0.194373402,0.049161694,1
MALO CRNICE,74,BRANICEVSKI,11,1992,37.22272865,18.302441,14.32188798,61.09,1,0,39,1320,0.03335005,0.042126379,0.506118355,-0.293214286,0.001326531,0,0.192593662,0.03869198,0
MEDVEDJA,75,JABLANICKI,23,1992,38.27529924,8.664309032,16.58052231,73.08,0,0,139,574,0.015335129,0.387043686,0.501423648,-0.190977444,0.053759398,0.268769669,0.176301115,0.08605948,0
MEROSINA,76,NISAVSKI,20,1992,44.43302821,5.791145152,28.4513357,84.43,1,0,61,781,0.011657559,0.031572556,0.490771099,-0.08,0.011180124,0,0.174858223,0.104307318,0
MIONICA,77,KOLUBARSKI,9,1992,32.82797301,12.89983349,15.09070195,82.86,1,0,144,1000,0.07565638,0.026197605,0.499251497,-0.011197605,0.005149701,0.096672041,0.173317992,0.058681039,0
MLADENOVAC,78,BEOGRAD,0,1992,30.48532588,19.54008385,22.92910685,75.83,1,0,222,507,0.050772314,0.039351647,0.50598521,-0.067673179,0.084902309,0.413183422,0.194322728,0.024137931,0
NEGOTIN ,79,BORSKI,14,1992,33.67432285,19.54255935,12.16303159,64.87,1,0,157,470,0.01365033,0.044560856,0.515768792,-0.251413793,0.008931034,0.291445557,0.173729789,0.053641347,0
NIS,80,NISAVSKI,20,1992,26.55302127,14.46131023,26.74110572,77.29,1,0,346,175,0.025355694,0.075497972,0.505306172,-0.003904573,0.0372167,0.722935706,0.205865447,0.019084457,0
NOVA CRNJA,81,SREDNJOBANATSKI,2,1992,25.46792167,15.44952937,21.62717732,85.91,0,0,197,617,0.067203192,0.32425368,0.514850803,-0.085971223,0.004028777,0,0.169775679,0.047068083,0
NOVA VAROS,82,ZLATIBORSKI,16,1992,21.01546738,11.66778749,32.96906523,75.49,1,0,261,529,0.018521915,0.115899505,0.506005868,-0.074907407,0.001805556,0.477902072,0.186417776,0.050945851,0
NOVI BECEJ,83,SREDNJOBANATSKI,2,1992,24.32371506,14.80500451,22.92605951,82.85,0,0,220,829,0.045296651,0.339968042,0.513506936,-0.02801444,0.000974729,0.535549143,0.186376467,0.022136384,0
NOVI BEOGRAD,84,BEOGRAD,0,1992,27.07792255,21.36630325,17.72519117,76.59,1,0,239,564,0.127219014,0.210824154,0.508486131,-0.068550043,0.018130881,1,0.211132693,0.005409302,1
NOVI KNEZEVAC,85,SEVERNOBANATSKI,3,1992,21.99977119,13.40807688,20.76421462,85.02,0,0,250,519,0.062029531,0.460263463,0.51173063,-0.009541985,0.002671756,0.58377987,0.184508671,0.021965318,0
NOVI PAZAR,86,RASKI,18,1992,28.88958398,8.645605255,34.56990929,29.01,1,0,210,484,0.014838884,0.776372743,0.496190476,-0.063224401,0.04208061,0.608453851,0.229103679,0.039246011,0
NOVI SAD,87,JUZNOBACKI,6,1992,18.80032662,18.83906806,25.63431657,75.84,1,0,407,196,0.173918121,0.346728747,0.522333613,0.073507891,0.01097561,0.812424868,0.22033853,0.012626381,1
OBRENOVAC,88,BEOGRAD,0,1992,2.660251515,23.87352986,21.85224785,73,1,0,192,657,0.094626534,0.0618931,0.501580431,0.002471751,0.056694915,0.315801464,0.204804509,0.030588235,1
ODZACI,89,ZAPADNOBACKI,5,1992,37.22927862,9.802963687,32.93030451,84.58,0,0,240,700,0.112157009,0.206714488,0.510905503,-0.025150685,0.002547945,0.281756613,0.187735372,0.043561351,0
OPOVO,90,JUZNOBANATSKI,4,1992,27.32514034,21.37763617,22.89485662,77.08,0,0,157,747,0.055165144,0.16101546,0.504654022,0.001454545,0.005181818,0.419476642,0.191267248,0.025326797,0
OSECINA,91,KOLUBARSKI,9,1992,28.01702802,17.32501733,14.77081477,77.11,0,0,148,1367,0.021797552,0.008121827,0.494595402,-0.065740741,0.000185185,0,0.173637265,0.060455897,0
PALILULA,92,BEOGRAD,0,1992,21.71272722,24.65908022,22.37911623,63.51,1,0,375,548,0.0912464,0.157912215,0.50274339,-0.006360739,0.023906947,0.877337481,0.211074906,0.012591243,1
PANCEVO,93,JUZNOBANATSKI,4,1992,25.89477827,25.94856993,21.80661244,75.58,1,0,303,354,0.085317856,0.310775102,0.509396724,-0.000298742,0.009599057,0.706951658,0.208851701,0.023568362,0
PARACIN,94,POMORAVSKI,13,1992,31.24059746,16.5027939,25.33043198,73.69,1,0,259,486,0.02111983,0.040658775,0.508107433,-0.08331761,0.014433962,0.399004323,0.182604072,0.038798648,0
PECINCI,95,SREMSKI,7,1992,31.80655476,13.16546763,27.46602718,85.39,1,0,199,714,0.139861533,0.098022613,0.498929656,0.086161616,0.00540404,0,0.191155956,0.026690226,0
PETROVAC,96,BRANICEVSKI,11,1992,37.67825122,21.21936641,12.86397404,63.42,0,0,92,700,0.030120222,0.110634722,0.510449433,-0.244835886,0.001969365,0.166501487,0.183130017,0.064037553,0
PIROT,97,PIROTSKI,22,1992,35.53283629,9.942408143,26.63734988,82.18,1,0,299,282,0.013686482,0.065831092,0.494603812,-0.034931921,0.005310136,0.594496036,0.186562368,0.029549623,0
PLANDISTE,98,JUZNOBANATSKI,4,1992,32.24997273,14.01461446,21.30003272,82.64,0,0,227,636,0.084973596,0.497016666,0.501610803,-0.016397059,0.000588235,0,0.172011662,0.047170517,0
POZAREVAC,99,BRANICEVSKI,11,1992,31.48725625,21.12801962,20.6457112,73.22,1,0,266,295,0.04578521,0.08202839,0.513333412,-0.128032596,0.021734575,0.640972624,0.204240207,0.027369096,0
POZEGA,100,ZLATIBORSKI,16,1992,29.6537906,23.36796981,21.64391221,79.51,1,0,223,670,0.035856811,0.023735779,0.505652407,-0.03024024,0.01006006,0.373415839,0.185736847,0.029542006,0
PRESEVO,101,PCINJSKI,24,1992,5.862761683,0.391203214,3.515542398,79.97,1,0,85,1274,0.001874535,0.283415288,0.500965838,-0.23790393,0.000720524,0.118387976,0.220203988,0.060566124,0
PRIBOJ,102,ZLATIBORSKI,16,1992,18.85263158,24.26842105,34.35263158,78.44,1,0,281,506,0.02397708,0.348529944,0.49879002,-0.158531856,0.002382271,0.615754777,0.196003555,0.034927741,1
PRIJEPOLJE,103,ZLATIBORSKI,16,1992,23.62086259,18.89836175,32.18823136,72.41,1,0,228,606,0.025685116,0.467598066,0.499258463,-0.127372881,0.007542373,0.33603439,0.210279693,0.040400117,0
PROKUPLJE,104,TOPLICKI,21,1992,40.7417242,9.680179383,31.27102142,83.36,1,0,238,305,0.025637637,0.065396741,0.507243913,-0.070862069,0.084712644,0.534614004,0.187831179,0.06113276,0
RACA,105,SUMADIJSKI,12,1992,23.53730842,21.6355297,13.97248014,75.19,0,0,185,822,0.024250789,0.023790747,0.506374869,-0.106275862,0.043931034,0.179350683,0.177328498,0.025696427,0
RAKOVICA,106,BEOGRAD,0,1992,21.30687446,22.96605692,23.91699135,73.09,1,0,170,598,0.076591783,0.133030526,0.510427966,-0.006024096,0.02438755,1,0.219878788,0.007434343,0
RASKA,107,RASKI,18,1992,40.73145473,6.894860195,29.77598517,83.56,1,0,272,586,0.015932097,0.039273663,0.501884291,-0.053298246,0.060842105,0.326156745,0.193951299,0.055965309,1
RAZANJ,108,NISAVSKI,20,1992,53.80515881,7.652952462,18.55681091,83.34,1,0,98,722,0.036371668,0.023413341,0.513179208,-0.09048,0.00312,0,0.149001671,0.064033776,0
REKOVAC,109,POMORAVSKI,13,1992,27.51417769,10.51984877,14.81096408,76.51,0,0,109,1080,0.010246573,0.017459291,0.500526747,-0.136878981,0.00433121,0,0.149361671,0.070253118,0
RUMA,110,SREMSKI,7,1992,28.34620335,12.68866269,32.57575758,80.5,1,0,230,717,0.287272859,0.215767786,0.513339266,0.083140794,0.003483755,0.519078147,0.198180182,0.03193014,0
SABAC,111,MACVANSKI,8,1992,27.21023907,19.60517452,24.66971859,78.66,1,0,229,363,0.141596499,0.051709495,0.510796984,-0.00168156,0.002721365,0.444380282,0.20569113,0.040384725,0
SAVSKI VENAC,112,BEOGRAD,0,1992,23.30977103,2.817330132,13.65035343,79.19,1,0,1469,170,0.132146303,0.192525481,0.535707568,-0.071943231,0.035938865,1,0.18934243,0.003387837,1
SECANJ,113,SREDNJOBANATSKI,2,1992,38.43321058,16.29561433,19.71878139,85.62,0,0,195,646,0.083902809,0.337672199,0.509444203,-0.074745763,0.003502825,0.192357794,0.169200708,0.035659767,0
SENTA,114,SEVERNOBANATSKI,3,1992,4.931982634,6.193921852,3.577424023,74.23,0,0,263,313,0.010459015,0.910872511,0.50863837,-0.090106762,0.000782918,0.793513401,0.188947121,0.014158323,0
SID,115,SREMSKI,7,1992,27.9435128,12.01235658,27.94792586,84.08,1,0,248,648,0.262494149,0.402951786,0.513325481,0.126387283,0.001734104,0.39099948,0.189207913,0.023811357,0
SJENICA,116,ZLATIBORSKI,16,1992,30.44041451,9.002590674,40.4630829,29.69,1,0,157,855,0.007808557,0.775956771,0.490424869,-0.196264368,0.004454023,0.428876815,0.21766178,0.06592778,1
SMEDEREVO,117,PODUNAVSKI,10,1992,30.11733197,21.63308251,22.80480806,69.71,1,0,245,420,0.045183667,0.066080248,0.503768768,-0.064659284,0.060962521,0.552844966,0.203316668,0.030052182,0
SMEDEREVSKA PALANKA,118,PODUNAVSKI,10,1992,29.00967853,26.67069939,18.05507547,74.23,0,0,209,349,0.032713717,0.038497543,0.506472818,-0.050661017,0.018661017,0.4216722,0.193658389,0.02794094,0
SOKOBANJA,119,ZAJECARSKI,15,1992,36.04991087,9.404634581,23.18716578,77.71,0,0,211,247,0.014397667,0.043193002,0.511893912,-0.098495146,0.01907767,0.384569814,0.165419202,0.033223844,0
SOMBOR,120,ZAPADNOBACKI,5,1992,24.75227226,12.06861204,25.4629946,79.17,1,0,287,337,0.169928724,0.491233547,0.519658351,0.016332288,0.002716823,0.510939846,0.19529523,0.023513566,0
SOPOT,121,BEOGRAD,0,1992,3.274428274,16.21621622,23.86521137,71.47,1,0,163,505,0.07409753,0.03142203,0.507039509,0.02979798,0.037929293,0.083792079,0.178960275,0.025453654,0
SRBOBRAN,122,JUZNOBACKI,6,1992,19.97436836,13.40168436,25.09154156,79.13,1,0,206,713,0.076130147,0.380247625,0.52338775,0.069161677,0.002934132,0.740882251,0.187846542,0.023410809,1
SREMSKA MITROVICA,123,SREMSKI,7,1992,26.29371401,15.25782299,31.86776799,82.63,1,0,276,382,0.197836584,0.183351303,0.508023515,0.001188811,0.003228438,0.49814752,0.200379502,0.025179856,0
SREMSKI KARLOVCI,124,JUZNOBACKI,6,1992,21.69434518,19.27685516,24.28000841,73.83,0,0,100,NA,0.328245288,0.410273427,0.528521222,0.091234568,0.012839506,1.018383347,0.203416676,0.013576196,0
STARA PAZOVA,125,SREMSKI,7,1992,21.57728707,18.08622503,31.02298333,79.37,1,0,239,916,0.327503447,0.289329912,0.505926659,0.161099656,0.004450172,0.296940352,0.211051261,0.019681544,0
STARI GRAD,126,BEOGRAD,0,1992,18.77659813,32.55162837,12.48040138,74.21,0,0,1187,171,0.094531791,0.183017615,0.543420794,-0.167271364,0.017991004,1,0.196082315,0.003312749,0
SUBOTICA,127,SEVERNOBACKI,1,1992,11.01874563,13.85556209,9.346178178,76.24,1,0,318,386,0.081689187,0.851628204,0.520323959,-0.000666667,0.011050505,0.717134947,0.20171697,0.009413683,1
SURDULICA,128,PCINJSKI,24,1992,54.81326682,7.226641499,23.75623567,78.42,1,0,268,353,0.01859996,0.221585636,0.503693836,-0.09796748,0.012682927,0.481409713,0.200360523,0.077422262,0
SVILAJNAC,129,POMORAVSKI,13,1992,33.54328905,22.17704993,9.253321118,66.84,0,0,127,702,0.033256881,0.036576533,0.507926537,-0.219847095,0.014250765,0.287808088,0.181843126,0.037474031,0
SVRLJIG,130,NISAVSKI,20,1992,44.85935302,5.907172996,23.29817159,81.01,1,0,236,679,0.013982642,0.019238187,0.500289296,-0.090315789,0.003526316,0.357810993,0.142443879,0.051839852,0
TEMERIN,131,JUZNOBACKI,6,1992,17.75027706,1.058982884,27.7983007,86.9,0,0,191,918,0.250972373,0.47383616,0.50785109,0.100194553,0.002529183,0.899441789,0.212095491,0.020583554,0
TITEL,132,JUZNOBACKI,6,1992,27.13572854,16.22754491,3.043912176,82.06,0,0,153,959,0.124799605,0.176408928,0.499321909,0.059006211,0.001677019,0.370299593,0.201876833,0.038181818,0
TOPOLA,133,SUMADIJSKI,12,1992,27.24701446,16.90131992,15.31741043,72.75,1,0,155,975,0.050799521,0.027738497,0.50831035,-0.063259259,0.015111111,0.166642474,0.1795034,0.027399968,0
TRGOVISTE,134,PCINJSKI,24,1992,31.25473365,1.287553648,9.972229235,80.39,0,0,263,554,0.008116429,0.019871257,0.490064372,-0.115,0.010833333,0,0.179064658,0.10514752,0
TRSTENIK,135,RASINSKI,19,1992,29.69850746,17.85970149,23.26567164,78.4,1,0,292,684,0.021358409,0.031326882,0.507824157,-0.08159176,0.015037453,0.335547145,0.18143262,0.045062496,0
TUTIN,136,RASKI,18,1992,20.92398603,27.04807951,6.983615364,19.34,1,0,62,1049,0.006554821,0.957812365,0.478473044,-0.209105263,0.012631579,0.255262626,0.242563386,0.056265389,0
UB,137,KOLUBARSKI,9,1992,30.43108489,16.91383618,19.23138255,73.05,1,0,129,989,0.0385049,0.023183881,0.494550921,-0.064023324,0.003119534,0.167577256,0.187079492,0.05503987,0
UZICE,138,ZLATIBORSKI,16,1992,23.23789672,24.29444342,23.89185212,72.55,1,0,352,337,0.049248697,0.033050059,0.50661118,-0.016327014,0.005260664,0.727145156,0.205812917,0.02404182,1
VALJEVO,139,KOLUBARSKI,9,1992,30.13304985,29.58656545,15.1969171,77.93,1,0,328,321,0.038798282,0.041333252,0.506341354,-0.014653768,0.00496945,0.602031676,0.194665206,0.033370883,0
VARVARIN,140,RASINSKI,19,1992,30.65804488,10.01901864,20.23583111,70.89,0,0,83,1013,0.017463583,0.019520591,0.504286435,-0.121310044,0.006419214,0,0.17697048,0.056256833,0
VELIKA PLANA,141,PODUNAVSKI,10,1992,32.80743914,21.28304252,21.44673145,73.49,1,0,156,810,0.025610948,0.03542522,0.507487781,-0.121146245,0.035612648,0.336207234,0.191162582,0.033753092,0
VELIKO GRADISTE,142,BRANICEVSKI,11,1992,34.85201667,18.53500035,13.10305856,66.19,0,0,90,975,0.034150291,0.027526312,0.511545555,-0.237675277,0.003321033,0.220324603,0.198509124,0.029962728,0
VLADICIN HAN,143,PCINJSKI,24,1992,51.94888589,7.326783536,26.19919091,80.18,1,0,232,602,0.013898238,0.071589784,0.501564047,-0.055657371,0.010398406,0.310235597,0.199299667,0.090537063,0
VLADIMIRCI,144,MACVANSKI,8,1992,29.93963486,13.76619552,21.24558304,79.98,1,0,98,1050,0.101907007,0.016027427,0.495178916,-0.098539823,0.005088496,0,0.172581358,0.067687626,0
VLASOTINCE,145,JABLANICKI,23,1992,52.36460887,6.231334968,26.29373746,83.83,0,0,233,684,0.015859134,0.013876742,0.496064369,-0.020235294,0.005647059,0.424231823,0.197976705,0.077509606,0
VOZDOVAC,146,BEOGRAD,0,1992,21.5103134,26.84962955,19.41168968,65.59,1,0,175,519,0.083097858,0.128978287,0.517652357,-0.044282116,0.041813602,0.918002751,0.206347847,0.008967635,1
VRACAR,147,BEOGRAD,0,1992,19.38066465,32.093224,11.67026327,72.15,1,0,457,248,0.061997704,0.164796211,0.543455303,-0.118036254,0.008564955,1,0.186346042,0.003100058,0
VRANJE,148,PCINJSKI,24,1992,43.01133822,8.858593127,29.5007682,81.2,1,0,314,312,0.017718856,0.093414087,0.501872443,-0.015918828,0.062356257,0.66572274,0.21364907,0.052779305,1
VRBAS,149,JUZNOBACKI,6,1992,36.96111361,12.2615049,23.60192527,83.4,1,0,294,439,0.07710376,0.582049348,0.514941141,-0.028559322,0.004427966,0.557500755,0.208758615,0.018537905,1
VRNJACKA BANJA,150,RASKI,18,1992,33.23883324,16.05871606,23.42972343,80.58,1,0,232,291,0.053642512,0.061062802,0.513690407,-0.000301887,0.124981132,0.380000775,0.188547486,0.029820323,0
VRSAC,151,JUZNOBANATSKI,4,1992,24.91788984,22.43278593,21.32538875,74.73,1,0,257,330,0.069983513,0.344576492,0.517973884,-0.049493007,0.003933566,0.63290379,0.201272784,0.022384079,1
ZABALJ,152,JUZNOBACKI,6,1992,25.92127026,16.91035395,30.53258353,78.41,1,0,180,759,0.141850289,0.171436316,0.49692397,0.074726563,0.000976563,0.339175856,0.20266783,0.043906517,0
ZABARI,153,BRANICEVSKI,11,1992,32.84634246,20.15733551,13.85369841,64.87,0,0,55,1016,0.030340621,0.023362795,0.506900295,-0.317591623,0.002303665,0,0.164799754,0.05616081,0
ZAGUBICA,154,BRANICEVSKI,11,1992,37.07690816,14.61545922,18.41722432,71.19,0,0,110,911,0.017663273,0.076672104,0.506553412,-0.133157895,0.000467836,0,0.160966066,0.090602442,0
ZAJECAR,155,ZAJECARSKI,15,1992,28.76577781,18.21031514,21.36378835,77.73,1,0,285,279,0.021466954,0.078047909,0.513609824,-0.056237482,0.008311874,0.543090924,0.176719368,0.026330549,0
ZEMUN,156,BEOGRAD,0,1992,23.0121969,20.48256732,2.621205887,54.87,1,0,302,311,0.141734364,0.194923277,0.508613415,0.058227499,0.034180011,0.888885845,0.216880169,0.014208563,0
ZITISTE,157,SREDNJOBANATSKI,2,1992,28.10376372,19.11265029,15.22477784,84.22,1,0,163,659,0.097628337,0.467794782,0.510726978,-0.059953917,0.000829493,0.134865968,0.175400755,0.03706064,0
ZITORADJA,158,TOPLICKI,21,1992,43.36520076,5.391969407,21.3001912,85.58,1,0,71,672,0.017395753,0.062164236,0.492438612,-0.056632124,0.017875648,0,0.184269786,0.10550887,0
ZRENJANIN,159,SREDNJOBANATSKI,2,1992,2.457998539,16.5522279,25.20818115,79.71,1,0,306,374,0.06818348,0.313164398,0.514059279,-0.018208178,0.005605948,0.594067797,0.202005286,0.018674603,0
ZVEZDARA,160,BEOGRAD,0,1992,20.16084231,2.784317875,19.19790482,72.07,1,0,261,258,0.127858887,0.138664465,0.501607497,-0.052707143,0.031085714,1,0.217831264,0.007291455,0
ADA,1,SEVERNOBANATSKI,3,1996,7.1,7.26,1.02,55.32,0,0,239,700,0.016228029,0.847856412,0.509403221,-0.073463415,0.001170732,0.91239177,0.187217016,0.011529957,0
ALEKSANDROVAC,2,RASINSKI,19,1996,74.23,16.69,1.07,72.13,0,0,175,770,0.024476893,0.016046967,0.494,-0.106717325,0.009148936,0.191541314,0.190309299,0.055837218,0
ALEKSINAC,3,NISAVSKI,20,1996,49.31,22.06,21.92,68.99,1,0,150,483,0.030558862,0.058846563,0.507522442,-0.051740558,0.017011494,0.292061556,0.182392769,0.055204419,0
ALIBUNAR,4,JUZNOBANATSKI,4,1996,52,15.32,6.45,61.69,0,0,194,634,0.046881477,0.467081213,0.510094162,-0.099843137,0.004196078,0.377551789,0.176831925,0.037335541,0
APATIN,5,ZAPADNOBACKI,5,1996,57.31,8.56,25.19,66.57,0,0,261,825,0.257129004,0.495863511,0.519291626,0.012746914,0.00308642,0.559548442,0.195014171,0.025843416,0
ARANDJELOVAC,6,SUMADIJSKI,12,1996,52.93,28.88,7.76,69.28,1,0,281,492,0.082027805,0.052396153,0.510248225,0.015379747,0.047637131,0.498760973,0.201271583,0.020611274,1
ARILJE,7,ZLATIBORSKI,16,1996,43.86,47.62,4.31,71.29,0,0,306,597,0.024489796,0.019326285,0.504604324,-0.020594059,0.003118812,0.299108682,0.194348969,0.035432673,0
BABUSNICA,8,PIROTSKI,22,1996,49.59,5.16,4.53,80.13,0,0,162,569,0.010965706,0.099518957,0.496456835,-0.106022727,0.001931818,0.220865877,0.143701538,0.096351849,0
BAC,9,JUZNOBACKI,6,1996,46.29,30.71,12.51,69.8,0,0,211,1018,0.02979519,0.629369819,0.510261031,-0.048654971,0.000350877,0.351491192,0.187607573,0.036083108,0
BACKA PALANKA,10,JUZNOBACKI,6,1996,54.92,29.09,11.25,71.03,1,0,264,676,0.247943073,0.276842016,0.512321131,0.035076401,0.002427844,0.455117093,0.202571925,0.027326707,0
BACKA TOPOLA,11,SEVERNOBACKI,1,1996,29.47,5.2,6.05,59.24,0,0,277,605,0.15357412,0.779532034,0.512313811,-0.021867008,0.002787724,0.412617642,0.185069944,0.021414564,0
BACKI PETROVAC,12,JUZNOBACKI,6,1996,41.79,9.2,7.07,63.88,0,0,210,918,0.048397395,0.790512067,0.509070005,-0.040457516,0.000457516,0.462187021,0.189837205,0.017573735,0
BAJINA BASTA,13,ZLATIBORSKI,16,1996,41.42,37.59,17.28,63.28,1,0,223,792,0.064746025,0.01731267,0.500084042,0.001752577,0.002783505,0.287592026,0.193543961,0.059757813,0
BARAJEVO,14,BEOGRAD,0,1996,54.06,27.7,15.78,63.11,1,0,142,688,0.174851019,0.058576246,0.49956114,0.135529954,0.050829493,0,0.196095938,0.025688892,0
BATOCINA,15,SUMADIJSKI,12,1996,44.29,31.22,0.14,75.73,0,0,199,782,0.030388588,0.029496991,0.505994158,-0.067175573,0.052671756,0.377305026,0.193698854,0.035351882,0
BECEJ,16,JUZNOBACKI,6,1996,26.14,13.75,7.61,67.29,0,0,285,633,0.05978681,0.665104838,0.512103105,-0.002749392,0.004793187,0.624112478,0.195257033,0.018396077,0
BELA CRKVA,17,JUZNOBANATSKI,4,1996,58.83,31.69,4.86,66.1,1,0,203,560,0.041253638,0.262411946,0.515174733,-0.125879828,0.00167382,0.49521134,0.201404232,0.027642755,0
BELA PALANKA,18,PIROTSKI,22,1996,53.83,27.15,16.85,83.38,0,0,248,527,0.02097647,0.071319998,0.496807928,-0.053881579,0.007236842,0.507508968,0.155482929,0.045059453,0
BEOCIN,19,JUZNOBACKI,6,1996,46.74,13.15,19.81,79.05,1,0,286,888,0.131802263,0.399649784,0.502860604,0.065298013,0.018013245,0.529918557,0.201168718,0.01952008,1
BLACE,20,TOPLICKI,21,1996,62.52,28.57,,65.81,1,0,193,755,0.022916799,0.015978102,0.509071233,-0.064013605,0.065578231,0.332802852,0.158514427,0.094338251,1
BOGATIC,21,MACVANSKI,8,1996,49.43,38.97,4.94,69.31,1,0,87,1221,0.061327603,0.027614844,0.497764098,-0.023964497,0.001420118,0,0.191876326,0.057108215,0
BOJNIK,22,JABLANICKI,23,1996,60.27,0.99,6.32,84.73,0,0,161,710,0.013174231,0.075596634,0.496137398,-0.063,0.015928571,0,0.17022412,0.136758652,0
BOLJEVAC,23,ZAJECARSKI,15,1996,58.06,36.42,4.1,69.74,1,0,178,648,0.027496905,0.162505159,0.509157321,-0.133934426,0.004863388,0.284854409,0.152627926,0.043409679,0
BOR,24,BORSKI,14,1996,49.35,33.64,7.11,63.8,1,0,371,307,0.015409015,0.175442404,0.505809683,-0.068163606,0.006193656,0.676863672,0.19651719,0.027088521,0
BOSILEGRAD,25,PCINJSKI,24,1996,81.27,,,81.01,1,0,183,471,0.00601168,0.899948471,0.497436336,-0.105315315,0.006576577,0.208511366,0.184573558,0.072097473,1
BRUS,26,RASINSKI,19,1996,68.26,6.77,0.65,73.69,1,0,192,700,0.026346632,0.016220524,0.492671506,-0.102200957,0.008038278,0.213439476,0.184448945,0.079034321,0
BUJANOVAC,27,PCINJSKI,24,1996,44.05,8.39,2.08,60.27,1,0,110,1121,0.005646046,0.284284529,0.492896548,-0.206923077,0.086868132,0.182770052,0.222368482,0.082813727,0
CACAK,28,MORAVICKI,17,1996,40.15,48.02,4.83,69.78,1,0,281,398,0.043413122,0.0380539,0.508172337,-0.00109215,0.022329352,0.611643016,0.19529862,0.016647875,1
CAJETINA,29,ZLATIBORSKI,16,1996,51.05,35.94,8.34,70.01,1,0,287,421,0.039572393,0.01287822,0.501311516,-0.010886076,0.005506329,0.105171122,0.179101612,0.056053238,0
CICEVAC,30,RASINSKI,19,1996,49.83,40.64,5.6,77.83,1,0,242,682,0.037849792,0.037764736,0.514501999,-0.048230088,0.031150442,0.459130731,0.177405858,0.037284984,0
COKA,31,SEVERNOBANATSKI,3,1996,56.22,,9.81,71.77,0,0,269,1057,0.042171436,0.672320084,0.511694949,-0.032727273,0.001678322,0.343575968,0.175607287,0.012145749,0
CRNA TRAVA,32,JABLANICKI,23,1996,95.77,,,75.74,0,0,340,700,0.019002375,0.016363157,0.483854434,-0.1990625,0.001875,0,0.123683184,0.104955131,0
CUKARICA,33,BEOGRAD,0,1996,38.37,27.53,23.54,60.63,1,0,195,532,0.131402297,0.12881551,0.510830243,0.045334988,0.030700993,0.842502015,0.216144041,0.009839295,0
CUPRIJA,34,POMORAVSKI,13,1996,53.56,27.47,12.77,69.15,1,0,254,177,0.028415103,0.073037913,0.511433654,-0.123577023,0.020678851,0.550852046,0.18351357,0.049602288,0
DESPOTOVAC,35,POMORAVSKI,13,1996,56.33,17.5,4.49,63.66,1,0,167,686,0.028403555,0.058755794,0.504490974,-0.233203593,0.007095808,0.202108549,0.175471477,0.062668385,0
DIMITROVGRAD,36,PIROTSKI,22,1996,70.76,23.45,0.7,86.02,1,0,320,496,0.013715896,0.774466192,0.497330961,-0.067619048,0.005873016,0.539442467,0.179860402,0.029962547,1
DOLJEVAC,37,NISAVSKI,20,1996,48.05,12.54,18.12,83.59,1,0,70,739,0.013406253,0.049075598,0.482441793,-0.050436893,0.007864078,0,0.190225449,0.072031082,0
GADZIN HAN,38,NISAVSKI,20,1996,55.88,14.86,16.43,73.59,1,0,203,513,0.012933025,0.026481909,0.49060816,-0.113220339,0.000847458,0,0.125,0.123566514,1
GOLUBAC,39,BRANICEVSKI,11,1996,65.29,28.46,1.31,70.61,0,0,109,1033,0.029808999,0.068328938,0.508591065,-0.194065041,0.002520325,0,0.181882377,0.054877434,0
GORNJI MILANOVAC,40,MORAVICKI,17,1996,50.37,29.37,3.48,78.35,1,0,324,390,0.046439196,0.030566814,0.506866267,-0.025746421,0.024621677,0.447744511,0.191998489,0.024873533,1
GROCKA,41,BEOGRAD,0,1996,51.07,35.84,9.23,54.89,1,0,94,852,0.12988135,0.06914526,0.496710526,0.051058496,0.061016713,0.109773615,0.219913603,0.025892455,1
INDJIJA,42,SREMSKI,7,1996,40.07,19.08,23.8,67.36,1,0,218,754,0.329863076,0.281204029,0.511348192,0.087916667,0.004342105,0.522356619,0.199157411,0.024975307,0
IRIG,43,SREMSKI,7,1996,47.12,20.48,25.38,72.45,1,0,231,719,0.258464432,0.264705882,0.519151847,0.100803571,0.005982143,0.377393981,0.173980047,0.022386244,1
IVANJICA,44,MORAVICKI,17,1996,38.39,42.2,9.66,54.06,1,0,323,691,0.018944557,0.015673554,0.5042136,-0.031557377,0.000846995,0.308524545,0.199605022,0.047002398,1
JAGODINA,45,POMORAVSKI,13,1996,41.11,33.6,14.32,70.24,1,0,280,390,0.198694962,0.062631787,0.508710306,-0.074490862,0.067780679,0.485039451,0.194064378,0.032090163,1
KANJIZA,46,SEVERNOBANATSKI,3,1996,7.88,,,66.54,1,0,211,564,0.016042781,0.937817921,0.504137886,-0.064285714,0.001394558,0.376026326,0.187168302,0.010577972,0
KIKINDA,47,SEVERNOBANATSKI,3,1996,35.92,23.24,20.25,74.31,1,0,313,380,0.103967423,0.273547166,0.510464933,-0.045555556,0.001467236,0.617581661,0.196337423,0.023073938,0
KLADOVO ,48,BORSKI,14,1996,62.84,25.9,8.48,66.67,0,0,138,503,0.016530222,0.117562184,0.504563847,-0.252753165,0.002943038,0.350773188,0.182272477,0.081057045,0
KNIC,49,SUMADIJSKI,12,1996,61.26,36.09,0.28,71.21,1,0,100,937,0.027718436,0.028305918,0.505132043,-0.066589595,0.022485549,0,0.154756007,0.044587565,0
KNJAZEVAC,50,ZAJECARSKI,15,1996,64.63,31.26,2.02,75.54,1,0,291,368,0.017008811,0.04621219,0.51143026,-0.07990099,0.007054455,0.447779848,0.156569461,0.042801033,1
KOCELJEVA,51,MACVANSKI,8,1996,56.84,35.33,3.34,71.39,0,0,130,884,0.040904829,0.035982185,0.49718706,-0.058072289,0.000240964,0,0.187132259,0.06593758,0
KOSJERIC,52,ZLATIBORSKI,16,1996,49.69,40.97,5,79.56,0,0,184,1007,0.02648921,0.017444114,0.50536245,-0.053986486,0.002837838,0.245122109,0.176630241,0.058924363,0
KOVACICA,53,JUZNOBANATSKI,4,1996,43.19,17.36,4.6,62.08,1,0,166,800,0.022711609,0.694706095,0.505543892,-0.044863014,0.003527397,0.243603202,0.19261384,0.017533166,0
KOVIN,54,JUZNOBANATSKI,4,1996,49.26,27.92,10.71,66.24,1,0,207,453,0.065154327,0.264668217,0.50093985,-0.008032345,0.008787062,0.356855681,0.193386229,0.038747894,0
KRAGUJEVAC,55,SUMADIJSKI,12,1996,37.43,36.06,13.21,70.15,1,0,348,295,0.030952222,0.058894738,0.508887473,-0.034054945,0.060697802,0.815935968,0.205879342,0.01924324,1
KRALJEVO,56,RASKI,18,1996,47.45,34.22,13.49,65.26,1,0,248,354,0.056848901,0.051370734,0.505732231,-0.032535771,0.145461049,0.500079504,0.200095311,0.027796265,0
KRUPANJ,57,MACVANSKI,8,1996,48.97,40.31,,67.51,0,0,147,1158,0.015128662,0.031628502,0.491064491,-0.082181818,0.000863636,0.219159925,0.198791601,0.070176307,0
KRUSEVAC,58,RASINSKI,19,1996,52.71,37.89,4.18,70.74,1,0,284,368,0.036528589,0.050459413,0.51078132,-0.036891496,0.054765396,0.425522062,0.201647281,0.03920285,1
KUCEVO,59,BRANICEVSKI,11,1996,74.61,18.84,1.22,65.19,0,0,111,1109,0.030176615,0.06218566,0.508830754,-0.259527559,0.002007874,0.188935241,0.167535091,0.077201191,0
KULA,60,ZAPADNOBACKI,5,1996,53.7,23.1,22.41,65.8,1,0,248,701,0.084038044,0.557664618,0.513540358,-0.000971074,0.004524793,0.602424292,0.201786859,0.020908734,1
KURSUMLIJA,61,TOPLICKI,21,1996,48.61,20.79,11.72,62.95,1,0,227,527,0.028274693,0.047647308,0.501803063,-0.056419214,0.253275109,0.539221925,0.180997779,0.081312477,0
LAJKOVAC,62,KOLUBARSKI,9,1996,65.83,24.18,5.46,78.92,0,0,207,681,0.087209302,0.040415444,0.501409562,-0.025028571,0.004971429,0.193279206,0.186906576,0.038916891,0
LAPOVO,63,SUMADIJSKI,12,1996,40.07,45.53,3.73,75.91,0,0,253,588,0.039978903,0.033438819,0.50108692,-0.115268817,0.069677419,0.497163819,0.186922703,0.019202722,0
LAZAREVAC,64,BEOGRAD,0,1996,54.4,36.3,0.85,78.75,1,0,378,500,0.034611596,0.041727523,0.498300576,-0.024816667,0.033683333,0.352002364,0.199347131,0.026747107,0
LEBANE,65,JABLANICKI,23,1996,70.01,12.57,2.67,74.41,1,0,199,727,0.007684351,0.054787941,0.49,-0.070223881,0.010597015,0.352002364,0.187936431,0.097840918,0
LESKOVAC,66,JABLANICKI,23,1996,57.3,21.44,7.23,78.12,1,0,245,314,0.014519773,0.066610695,0.5,-0.03904059,0.030885609,0.419641204,0.200144638,0.065951156,0
LJIG,67,KOLUBARSKI,9,1996,35.72,43.51,1.29,77.8,0,0,192,775,0.04436903,0.021870287,0.493556631,-0.037565789,0.008157895,0.189416792,0.173559368,0.031649463,0
LJUBOVIJA,68,MACVANSKI,8,1996,42.28,30.32,8.29,72.51,1,0,163,763,0.039856452,0.014246099,0.500627338,-0.063076923,0.001098901,0.280414388,0.19358433,0.077879428,1
LOZNICA,69,MACVANSKI,8,1996,44.8,22.39,18.29,61.64,1,0,288,468,0.307729496,0.044443165,0.501932492,-0.009025229,0.004816514,0.226598447,0.203059725,0.041058637,1
LUCANI,70,MORAVICKI,17,1996,41.79,50.01,,66.03,1,0,280,619,0.022490522,0.025140796,0.500328731,-0.056934866,0.002528736,0.55146468,0.171244007,0.046599496,0
MAJDANPEK,71,BORSKI,14,1996,76.03,23.43,0.54,69.43,0,0,363,443,0.014354591,0.084228212,0.514156522,-0.122111111,0.000666667,0.55146468,0.195249546,0.053537527,0
MALI IDJOS,72,SEVERNOBACKI,1,1996,30.14,7.94,7.43,67.37,1,0,199,742,0.02396832,0.886480478,0.495402381,-0.029208633,0.006043165,0.308004847,0.190306803,0.017415147,0
MALI ZVORNIK,73,MACVANSKI,8,1996,51.07,18.9,4.21,60.9,0,0,200,1200,0.223893364,0.136075273,0.495,-0.035890411,0.001575342,0.308004847,0.194373402,0.049161694,1
MALO CRNICE,74,BRANICEVSKI,11,1996,60.37,19.17,6.47,57.6,1,0,39,1320,0.03335005,0.042126379,0.506118355,-0.293214286,0.001326531,0,0.192593662,0.03869198,0
MEDVEDJA,75,JABLANICKI,23,1996,62.45,6.74,14.89,72.4,0,0,139,574,0.015335129,0.387043686,0.501423648,-0.190977444,0.053759398,0.268769669,0.176301115,0.08605948,0
MEROSINA,76,NISAVSKI,20,1996,69.69,6.59,6.28,74.32,1,0,61,781,0.011657559,0.031572556,0.490771099,-0.08,0.011180124,0,0.174858223,0.104307318,0
MIONICA,77,KOLUBARSKI,9,1996,51.52,41.98,0.76,82.86,1,0,144,1000,0.07565638,0.026197605,0.499251497,-0.011197605,0.005149701,0.096672041,0.173317992,0.058681039,0
MLADENOVAC,78,BEOGRAD,0,1996,55.73,39.26,2.84,62.83,1,0,222,507,0.050772314,0.039351647,0.50598521,-0.067673179,0.084902309,0.413183422,0.194322728,0.024137931,0
NEGOTIN ,79,BORSKI,14,1996,64.42,32.12,1.41,60.97,1,0,157,470,0.01365033,0.044560856,0.515768792,-0.251413793,0.008931034,0.291445557,0.173729789,0.053641347,0
NIS,80,NISAVSKI,20,1996,30,68.57,1.43,69.85,1,0,346,175,0.025355694,0.075497972,0.505306172,-0.003904573,0.0372167,0.722935706,0.205865447,0.019084457,0
NOVA CRNJA,81,SREDNJOBANATSKI,2,1996,37.77,34.97,8.1,74.07,0,0,197,617,0.067203192,0.32425368,0.514850803,-0.085971223,0.004028777,0,0.169775679,0.047068083,0
NOVA VAROS,82,ZLATIBORSKI,16,1996,52.25,31.85,6.24,61.88,1,0,261,529,0.018521915,0.115899505,0.506005868,-0.074907407,0.001805556,0.477902072,0.186417776,0.050945851,0
NOVI BECEJ,83,SREDNJOBANATSKI,2,1996,46.23,26.44,7.28,68.79,0,0,220,829,0.045296651,0.339968042,0.513506936,-0.02801444,0.000974729,0.535549143,0.186376467,0.022136384,0
NOVI BEOGRAD,84,BEOGRAD,0,1996,42.12,31.54,22.53,65.12,1,0,239,564,0.127219014,0.210824154,0.508486131,-0.068550043,0.018130881,1,0.211132693,0.005409302,1
NOVI KNEZEVAC,85,SEVERNOBANATSKI,3,1996,40.96,22.02,2.45,79.47,0,0,250,519,0.062029531,0.460263463,0.51173063,-0.009541985,0.002671756,0.58377987,0.184508671,0.021965318,0
NOVI PAZAR,86,RASKI,18,1996,18.58,1.64,4.68,65.71,1,0,210,484,0.014838884,0.776372743,0.496190476,-0.063224401,0.04208061,0.608453851,0.229103679,0.039246011,0
NOVI SAD,87,JUZNOBACKI,6,1996,24.78,26.67,21.73,63.7,1,0,407,196,0.173918121,0.346728747,0.522333613,0.073507891,0.01097561,0.812424868,0.22033853,0.012626381,1
OBRENOVAC,88,BEOGRAD,0,1996,32.29,33.84,12.7,63.62,1,0,192,657,0.094626534,0.0618931,0.501580431,0.002471751,0.056694915,0.315801464,0.204804509,0.030588235,1
ODZACI,89,ZAPADNOBACKI,5,1996,43.3,25.02,9.68,68.01,0,0,240,700,0.112157009,0.206714488,0.510905503,-0.025150685,0.002547945,0.281756613,0.187735372,0.043561351,0
OPOVO,90,JUZNOBANATSKI,4,1996,42.85,16.66,17.98,65.77,0,0,157,747,0.055165144,0.16101546,0.504654022,0.001454545,0.005181818,0.419476642,0.191267248,0.025326797,0
OSECINA,91,KOLUBARSKI,9,1996,53.47,48.43,3.67,74.54,0,0,148,1367,0.021797552,0.008121827,0.494595402,-0.065740741,0.000185185,0,0.173637265,0.060455897,0
PALILULA,92,BEOGRAD,0,1996,35.81,25.63,23.03,61.22,1,0,375,548,0.0912464,0.157912215,0.50274339,-0.006360739,0.023906947,0.877337481,0.211074906,0.012591243,1
PANCEVO,93,JUZNOBANATSKI,4,1996,42.98,29.17,10.1,62.16,1,0,303,354,0.085317856,0.310775102,0.509396724,-0.000298742,0.009599057,0.706951658,0.208851701,0.023568362,0
PARACIN,94,POMORAVSKI,13,1996,44.3,27.35,8.05,67.62,1,0,259,486,0.02111983,0.040658775,0.508107433,-0.08331761,0.014433962,0.399004323,0.182604072,0.038798648,0
PECINCI,95,SREMSKI,7,1996,61.23,20.14,9.51,73.88,1,0,199,714,0.139861533,0.098022613,0.498929656,0.086161616,0.00540404,0,0.191155956,0.026690226,0
PETROVAC,96,BRANICEVSKI,11,1996,55.23,32.66,0.72,61.63,0,0,92,700,0.030120222,0.110634722,0.510449433,-0.244835886,0.001969365,0.166501487,0.183130017,0.064037553,0
PIROT,97,PIROTSKI,22,1996,46.44,29.83,20.93,77.19,1,0,299,282,0.013686482,0.065831092,0.494603812,-0.034931921,0.005310136,0.594496036,0.186562368,0.029549623,0
PLANDISTE,98,JUZNOBANATSKI,4,1996,58.88,31.88,,73.16,0,0,227,636,0.084973596,0.497016666,0.501610803,-0.016397059,0.000588235,0,0.172011662,0.047170517,0
POZAREVAC,99,BRANICEVSKI,11,1996,62.97,32.31,9.97,64.25,1,0,266,295,0.04578521,0.08202839,0.513333412,-0.128032596,0.021734575,0.640972624,0.204240207,0.027369096,0
POZEGA,100,ZLATIBORSKI,16,1996,64.51,42.39,9.94,72.6,1,0,223,670,0.035856811,0.023735779,0.505652407,-0.03024024,0.01006006,0.373415839,0.185736847,0.029542006,0
PRESEVO,101,PCINJSKI,24,1996,13.4,1.3,,67.01,1,0,85,1274,0.001874535,0.283415288,0.500965838,-0.23790393,0.000720524,0.118387976,0.220203988,0.060566124,0
PRIBOJ,102,ZLATIBORSKI,16,1996,47.28,21.13,9.12,65.67,1,0,281,506,0.02397708,0.348529944,0.49879002,-0.158531856,0.002382271,0.615754777,0.196003555,0.034927741,1
PRIJEPOLJE,103,ZLATIBORSKI,16,1996,35.51,11.46,11.3,69.47,1,0,228,606,0.025685116,0.467598066,0.499258463,-0.127372881,0.007542373,0.33603439,0.210279693,0.040400117,0
PROKUPLJE,104,TOPLICKI,21,1996,49.04,28.68,13.9,72.32,1,0,238,305,0.025637637,0.065396741,0.507243913,-0.070862069,0.084712644,0.534614004,0.187831179,0.06113276,0
RACA,105,SUMADIJSKI,12,1996,39.92,36.22,4.14,73.57,0,0,185,822,0.024250789,0.023790747,0.506374869,-0.106275862,0.043931034,0.179350683,0.177328498,0.025696427,0
RAKOVICA,106,BEOGRAD,0,1996,38.83,29.88,23.95,61.38,1,0,170,598,0.076591783,0.133030526,0.510427966,-0.006024096,0.02438755,1,0.219878788,0.007434343,0
RASKA,107,RASKI,18,1996,65.73,6.46,4.86,71.69,1,0,272,586,0.015932097,0.039273663,0.501884291,-0.053298246,0.060842105,0.326156745,0.193951299,0.055965309,1
RAZANJ,108,NISAVSKI,20,1996,74.55,7.85,,73.77,1,0,98,722,0.036371668,0.023413341,0.513179208,-0.09048,0.00312,0,0.149001671,0.064033776,0
REKOVAC,109,POMORAVSKI,13,1996,41.91,34.67,2.96,72.47,0,0,109,1080,0.010246573,0.017459291,0.500526747,-0.136878981,0.00433121,0,0.149361671,0.070253118,0
RUMA,110,SREMSKI,7,1996,48.98,22.16,18.73,68.9,1,0,230,717,0.287272859,0.215767786,0.513339266,0.083140794,0.003483755,0.519078147,0.198180182,0.03193014,0
SABAC,111,MACVANSKI,8,1996,44.13,27.13,16.85,62.92,1,0,229,363,0.141596499,0.051709495,0.510796984,-0.00168156,0.002721365,0.444380282,0.20569113,0.040384725,0
SAVSKI VENAC,112,BEOGRAD,0,1996,39.67,29.11,14.9,66.22,1,0,1469,170,0.132146303,0.192525481,0.535707568,-0.071943231,0.035938865,1,0.18934243,0.003387837,1
SECANJ,113,SREDNJOBANATSKI,2,1996,57.47,28.73,13.8,78.9,0,0,195,646,0.083902809,0.337672199,0.509444203,-0.074745763,0.003502825,0.192357794,0.169200708,0.035659767,0
SENTA,114,SEVERNOBANATSKI,3,1996,14.9,,,59.77,0,0,263,313,0.010459015,0.910872511,0.50863837,-0.090106762,0.000782918,0.793513401,0.188947121,0.014158323,0
SID,115,SREMSKI,7,1996,44.84,24.15,19.86,72.39,1,0,248,648,0.262494149,0.402951786,0.513325481,0.126387283,0.001734104,0.39099948,0.189207913,0.023811357,0
SJENICA,116,ZLATIBORSKI,16,1996,25.75,2.21,2.59,74.57,1,0,157,855,0.007808557,0.775956771,0.490424869,-0.196264368,0.004454023,0.428876815,0.21766178,0.06592778,1
SMEDEREVO,117,PODUNAVSKI,10,1996,48.3,38.85,10.9,61.16,1,0,245,420,0.045183667,0.066080248,0.503768768,-0.064659284,0.060962521,0.552844966,0.203316668,0.030052182,0
SMEDEREVSKA PALANKA,118,PODUNAVSKI,10,1996,48.23,46.08,0.34,67.78,0,0,209,349,0.032713717,0.038497543,0.506472818,-0.050661017,0.018661017,0.4216722,0.193658389,0.02794094,0
SOKOBANJA,119,ZAJECARSKI,15,1996,52.85,36.14,8.01,71.86,0,0,211,247,0.014397667,0.043193002,0.511893912,-0.098495146,0.01907767,0.384569814,0.165419202,0.033223844,0
SOMBOR,120,ZAPADNOBACKI,5,1996,41.91,28.07,18.37,64.78,1,0,287,337,0.169928724,0.491233547,0.519658351,0.016332288,0.002716823,0.510939846,0.19529523,0.023513566,0
SOPOT,121,BEOGRAD,0,1996,62.08,32.62,,61.15,1,0,163,505,0.07409753,0.03142203,0.507039509,0.02979798,0.037929293,0.083792079,0.178960275,0.025453654,0
SRBOBRAN,122,JUZNOBACKI,6,1996,39.06,24.21,12.5,70.04,1,0,206,713,0.076130147,0.380247625,0.52338775,0.069161677,0.002934132,0.740882251,0.187846542,0.023410809,1
SREMSKA MITROVICA,123,SREMSKI,7,1996,45.71,19.97,23.35,71.45,1,0,276,382,0.197836584,0.183351303,0.508023515,0.001188811,0.003228438,0.49814752,0.200379502,0.025179856,0
SREMSKI KARLOVCI,124,JUZNOBACKI,6,1996,49.84,36.35,2.61,64.42,0,0,100,NA,0.328245288,0.410273427,0.528521222,0.091234568,0.012839506,1.018383347,0.203416676,0.013576196,0
STARA PAZOVA,125,SREMSKI,7,1996,41.6,17.25,23.33,70.36,1,0,239,916,0.327503447,0.289329912,0.505926659,0.161099656,0.004450172,0.296940352,0.211051261,0.019681544,0
STARI GRAD,126,BEOGRAD,0,1996,32.7,30.25,8.77,63.61,0,0,1187,171,0.094531791,0.183017615,0.543420794,-0.167271364,0.017991004,1,0.196082315,0.003312749,0
SUBOTICA,127,SEVERNOBACKI,1,1996,18.49,2.66,11.21,58.85,1,0,318,386,0.081689187,0.851628204,0.520323959,-0.000666667,0.011050505,0.717134947,0.20171697,0.009413683,1
SURDULICA,128,PCINJSKI,24,1996,60.06,7.66,24.61,71.01,1,0,268,353,0.01859996,0.221585636,0.503693836,-0.09796748,0.012682927,0.481409713,0.200360523,0.077422262,0
SVILAJNAC,129,POMORAVSKI,13,1996,55.88,41.5,2.38,63.83,0,0,127,702,0.033256881,0.036576533,0.507926537,-0.219847095,0.014250765,0.287808088,0.181843126,0.037474031,0
SVRLJIG,130,NISAVSKI,20,1996,52.3,31.63,8.98,75.41,1,0,236,679,0.013982642,0.019238187,0.500289296,-0.090315789,0.003526316,0.357810993,0.142443879,0.051839852,0
TEMERIN,131,JUZNOBACKI,6,1996,18.94,12.86,27.54,77.34,0,0,191,918,0.250972373,0.47383616,0.50785109,0.100194553,0.002529183,0.899441789,0.212095491,0.020583554,0
TITEL,132,JUZNOBACKI,6,1996,44.39,27.03,22.33,70.49,0,0,153,959,0.124799605,0.176408928,0.499321909,0.059006211,0.001677019,0.370299593,0.201876833,0.038181818,0
TOPOLA,133,SUMADIJSKI,12,1996,53.24,40.76,,67.61,1,0,155,975,0.050799521,0.027738497,0.50831035,-0.063259259,0.015111111,0.166642474,0.1795034,0.027399968,0
TRGOVISTE,134,PCINJSKI,24,1996,73.44,,9.34,87.36,0,0,263,554,0.008116429,0.019871257,0.490064372,-0.115,0.010833333,0,0.179064658,0.10514752,0
TRSTENIK,135,RASINSKI,19,1996,41.27,28.92,14.32,68.94,1,0,292,684,0.021358409,0.031326882,0.507824157,-0.08159176,0.015037453,0.335547145,0.18143262,0.045062496,0
TUTIN,136,RASKI,18,1996,13.89,0.24,,69.21,1,0,62,1049,0.006554821,0.957812365,0.478473044,-0.209105263,0.012631579,0.255262626,0.242563386,0.056265389,0
UB,137,KOLUBARSKI,9,1996,60.44,36.05,1.12,61.94,1,0,129,989,0.0385049,0.023183881,0.494550921,-0.064023324,0.003119534,0.167577256,0.187079492,0.05503987,0
UZICE,138,ZLATIBORSKI,16,1996,40.94,40.75,9.62,64.14,1,0,352,337,0.049248697,0.033050059,0.50661118,-0.016327014,0.005260664,0.727145156,0.205812917,0.02404182,1
VALJEVO,139,KOLUBARSKI,9,1996,43.33,41.7,4.26,71.77,1,0,328,321,0.038798282,0.041333252,0.506341354,-0.014653768,0.00496945,0.602031676,0.194665206,0.033370883,0
VARVARIN,140,RASINSKI,19,1996,51.19,31.17,2.2,61.54,0,0,83,1013,0.017463583,0.019520591,0.504286435,-0.121310044,0.006419214,0,0.17697048,0.056256833,0
VELIKA PLANA,141,PODUNAVSKI,10,1996,51.02,47.01,1.03,62.87,1,0,156,810,0.025610948,0.03542522,0.507487781,-0.121146245,0.035612648,0.336207234,0.191162582,0.033753092,0
VELIKO GRADISTE,142,BRANICEVSKI,11,1996,60.9,29.69,7.15,59.62,0,0,90,975,0.034150291,0.027526312,0.511545555,-0.237675277,0.003321033,0.220324603,0.198509124,0.029962728,0
VLADICIN HAN,143,PCINJSKI,24,1996,66.21,12.22,9.3,73.14,1,0,232,602,0.013898238,0.071589784,0.501564047,-0.055657371,0.010398406,0.310235597,0.199299667,0.090537063,0
VLADIMIRCI,144,MACVANSKI,8,1996,51.47,29.7,8.46,67.91,1,0,98,1050,0.101907007,0.016027427,0.495178916,-0.098539823,0.005088496,0,0.172581358,0.067687626,0
VLASOTINCE,145,JABLANICKI,23,1996,57.35,26.9,0.76,70.98,0,0,233,684,0.015859134,0.013876742,0.496064369,-0.020235294,0.005647059,0.424231823,0.197976705,0.077509606,0
VOZDOVAC,146,BEOGRAD,0,1996,37.61,29.57,19.7,58.7,1,0,175,519,0.083097858,0.128978287,0.517652357,-0.044282116,0.041813602,0.918002751,0.206347847,0.008967635,1
VRACAR,147,BEOGRAD,0,1996,34.75,42.86,5.02,62.97,1,0,457,248,0.061997704,0.164796211,0.543455303,-0.118036254,0.008564955,1,0.186346042,0.003100058,0
VRANJE,148,PCINJSKI,24,1996,55.24,25.81,10.99,73.65,1,0,314,312,0.017718856,0.093414087,0.501872443,-0.015918828,0.062356257,0.66572274,0.21364907,0.052779305,1
VRBAS,149,JUZNOBACKI,6,1996,52.76,36.21,9.14,70.75,1,0,294,439,0.07710376,0.582049348,0.514941141,-0.028559322,0.004427966,0.557500755,0.208758615,0.018537905,1
VRNJACKA BANJA,150,RASKI,18,1996,51.75,35.89,5.33,72.52,1,0,232,291,0.053642512,0.061062802,0.513690407,-0.000301887,0.124981132,0.380000775,0.188547486,0.029820323,0
VRSAC,151,JUZNOBANATSKI,4,1996,44.61,36.81,8.4,59.22,1,0,257,330,0.069983513,0.344576492,0.517973884,-0.049493007,0.003933566,0.63290379,0.201272784,0.022384079,1
ZABALJ,152,JUZNOBACKI,6,1996,34.9,33.98,18.03,63.11,1,0,180,759,0.141850289,0.171436316,0.49692397,0.074726563,0.000976563,0.339175856,0.20266783,0.043906517,0
ZABARI,153,BRANICEVSKI,11,1996,58.87,40.47,,61.13,0,0,55,1016,0.030340621,0.023362795,0.506900295,-0.317591623,0.002303665,0,0.164799754,0.05616081,0
ZAGUBICA,154,BRANICEVSKI,11,1996,82.32,10.96,2.9,66.24,0,0,110,911,0.017663273,0.076672104,0.506553412,-0.133157895,0.000467836,0,0.160966066,0.090602442,0
ZAJECAR,155,ZAJECARSKI,15,1996,51.04,32.5,8.74,70.58,1,0,285,279,0.021466954,0.078047909,0.513609824,-0.056237482,0.008311874,0.543090924,0.176719368,0.026330549,0
ZEMUN,156,BEOGRAD,0,1996,38.3,24.75,29.67,62.7,1,0,302,311,0.141734364,0.194923277,0.508613415,0.058227499,0.034180011,0.888885845,0.216880169,0.014208563,0
ZITISTE,157,SREDNJOBANATSKI,2,1996,57.86,12.53,12.72,74.37,1,0,163,659,0.097628337,0.467794782,0.510726978,-0.059953917,0.000829493,0.134865968,0.175400755,0.03706064,0
ZITORADJA,158,TOPLICKI,21,1996,47.2,7.32,10.4,84.38,1,0,71,672,0.017395753,0.062164236,0.492438612,-0.056632124,0.017875648,0,0.184269786,0.10550887,0
ZRENJANIN,159,SREDNJOBANATSKI,2,1996,42.07,22.72,17.26,69.83,1,0,306,374,0.06818348,0.313164398,0.514059279,-0.018208178,0.005605948,0.594067797,0.202005286,0.018674603,0
ZVEZDARA,160,BEOGRAD,0,1996,35.75,28.31,19.09,61.05,1,0,261,258,0.127858887,0.138664465,0.501607497,-0.052707143,0.031085714,1,0.217831264,0.007291455,0
ADA,1,SEVERNOBANATSKI,3,2000,12.08,35.9,4,68.01,0,1,239,700,0.013583237,0.847856412,0.509403221,-0.073463415,0.001170732,0.91239177,0.187217016,0.011529957,0
ALEKSANDROVAC,2,RASINSKI,19,2000,42.43,44.46,2.38,79.48,0,1,175,770,0.004049134,0.016046967,0.494,-0.106717325,0.009148936,0.191541314,0.190309299,0.055837218,0
ALEKSINAC,3,NISAVSKI,20,2000,39.3,27.89,12.48,76.72,1,1,150,483,0.014563023,0.058846563,0.507522442,-0.051740558,0.017011494,0.292061556,0.182392769,0.055204419,0
ALIBUNAR,4,JUZNOBANATSKI,4,2000,36.91,38.52,9.43,69.69,0,1,194,634,0.039426679,0.467081213,0.510094162,-0.099843137,0.004196078,0.377551789,0.176831925,0.037335541,0
APATIN,5,ZAPADNOBACKI,5,2000,38.33,32.85,15.65,74.36,0,1,261,825,0.120988633,0.495863511,0.519291626,0.012746914,0.00308642,0.559548442,0.195014171,0.025843416,0
ARANDJELOVAC,6,SUMADIJSKI,12,2000,32.78,51.97,5.77,79.58,1,1,281,492,0.054333146,0.052396153,0.510248225,0.015379747,0.047637131,0.498760973,0.201271583,0.020611274,1
ARILJE,7,ZLATIBORSKI,16,2000,40.4,33.67,5.29,83.4,0,1,306,597,0.01379903,0.019326285,0.504604324,-0.020594059,0.003118812,0.299108682,0.194348969,0.035432673,0
BABUSNICA,8,PIROTSKI,22,2000,51.02,15.75,6.04,81.38,0,1,162,569,0.005783653,0.099518957,0.496456835,-0.106022727,0.001931818,0.220865877,0.143701538,0.096351849,0
BAC,9,JUZNOBACKI,6,2000,36.89,41.17,11.95,74.04,0,1,211,1018,0.069645931,0.629369819,0.510261031,-0.048654971,0.000350877,0.351491192,0.187607573,0.036083108,0
BACKA PALANKA,10,JUZNOBACKI,6,2000,41.48,30.79,14.26,81.91,1,1,264,676,0.119509235,0.276842016,0.512321131,0.035076401,0.002427844,0.455117093,0.202571925,0.027326707,0
BACKA TOPOLA,11,SEVERNOBACKI,1,2000,20.75,2.64,6.76,75.93,0,1,277,605,0.080298078,0.779532034,0.512313811,-0.021867008,0.002787724,0.412617642,0.185069944,0.021414564,0
BACKI PETROVAC,12,JUZNOBACKI,6,2000,23.67,34.82,7.5,73.53,0,1,210,918,0.041414073,0.790512067,0.509070005,-0.040457516,0.000457516,0.462187021,0.189837205,0.017573735,0
BAJINA BASTA,13,ZLATIBORSKI,16,2000,39.53,44.17,7.07,73.48,1,1,223,792,0.025247847,0.01731267,0.500084042,0.001752577,0.002783505,0.287592026,0.193543961,0.059757813,0
BARAJEVO,14,BEOGRAD,0,2000,38.95,40.14,7.33,75.76,1,1,142,688,0.169960635,0.058576246,0.49956114,0.135529954,0.050829493,0,0.196095938,0.025688892,0
BATOCINA,15,SUMADIJSKI,12,2000,41.31,18.27,3.37,83.45,0,1,199,782,0.011620295,0.029496991,0.505994158,-0.067175573,0.052671756,0.377305026,0.193698854,0.035351882,0
BECEJ,16,JUZNOBACKI,6,2000,20.95,46.12,11.66,71.28,0,1,285,633,0.053090004,0.665104838,0.512103105,-0.002749392,0.004793187,0.624112478,0.195257033,0.018396077,0
BELA CRKVA,17,JUZNOBANATSKI,4,2000,37.48,38.6,10.41,72.85,1,1,203,560,0.025482398,0.262411946,0.515174733,-0.125879828,0.00167382,0.49521134,0.201404232,0.027642755,0
BELA PALANKA,18,PIROTSKI,22,2000,50.75,30.51,15.15,85.39,0,1,248,527,0.013907239,0.071319998,0.496807928,-0.053881579,0.007236842,0.507508968,0.155482929,0.045059453,0
BEOCIN,19,JUZNOBACKI,6,2000,39.97,19.08,19.79,83.65,1,1,286,888,0.083240085,0.399649784,0.502860604,0.065298013,0.018013245,0.529918557,0.201168718,0.01952008,1
BLACE,20,TOPLICKI,21,2000,40.04,28.78,14.12,76.72,1,1,193,755,0.013082346,0.015978102,0.509071233,-0.064013605,0.065578231,0.332802852,0.158514427,0.094338251,1
BOGATIC,21,MACVANSKI,8,2000,45.85,18.98,4.64,81.86,1,1,87,1221,0.037859958,0.027614844,0.497764098,-0.023964497,0.001420118,0,0.191876326,0.057108215,0
BOJNIK,22,JABLANICKI,23,2000,54.15,5.64,3.93,84.03,0,1,161,710,0.005488642,0.075596634,0.496137398,-0.063,0.015928571,0,0.17022412,0.136758652,0
BOLJEVAC,23,ZAJECARSKI,15,2000,46.18,44.13,3.81,74.69,1,1,178,648,0.007445265,0.162505159,0.509157321,-0.133934426,0.004863388,0.284854409,0.152627926,0.043409679,0
BOR,24,BORSKI,14,2000,42.99,40.18,7.22,76.31,1,1,371,307,0.010373184,0.175442404,0.505809683,-0.068163606,0.006193656,0.676863672,0.19651719,0.027088521,0
BOSILEGRAD,25,PCINJSKI,24,2000,60.91,10.98,17.15,73.41,1,1,183,471,0.003222233,0.899948471,0.497436336,-0.105315315,0.006576577,0.208511366,0.184573558,0.072097473,1
BRUS,26,RASINSKI,19,2000,40.51,20.43,6.48,79.29,1,1,192,700,0.006661693,0.016220524,0.492671506,-0.102200957,0.008038278,0.213439476,0.184448945,0.079034321,0
BUJANOVAC,27,PCINJSKI,24,2000,43.34,6.2,15.53,49.52,1,1,110,1121,0.00351023,0.284284529,0.492896548,-0.206923077,0.086868132,0.182770052,0.222368482,0.082813727,0
CACAK,28,MORAVICKI,17,2000,23.4,61.37,4.74,82.71,1,1,281,398,0.027615484,0.0380539,0.508172337,-0.00109215,0.022329352,0.611643016,0.19529862,0.016647875,1
CAJETINA,29,ZLATIBORSKI,16,2000,40.98,49.73,1.77,80.02,1,1,287,421,0.022843614,0.01287822,0.501311516,-0.010886076,0.005506329,0.105171122,0.179101612,0.056053238,0
CICEVAC,30,RASINSKI,19,2000,47.67,17.49,6.91,87.8,1,1,242,682,0.018596002,0.037764736,0.514501999,-0.048230088,0.031150442,0.459130731,0.177405858,0.037284984,0
COKA,31,SEVERNOBANATSKI,3,2000,22.64,47.42,19.96,81.2,0,1,269,1057,0.053065356,0.672320084,0.511694949,-0.032727273,0.001678322,0.343575968,0.175607287,0.012145749,0
CRNA TRAVA,32,JABLANICKI,23,2000,66.08,,2.99,74.79,0,1,340,700,0.013655872,0.016363157,0.483854434,-0.1990625,0.001875,0,0.123683184,0.104955131,0
CUKARICA,33,BEOGRAD,0,2000,26.34,53.71,10.47,70.37,1,1,195,532,0.061142498,0.12881551,0.510830243,0.045334988,0.030700993,0.842502015,0.216144041,0.009839295,0
CUPRIJA,34,POMORAVSKI,13,2000,30.61,43.35,6.08,71.54,1,1,254,177,0.019155718,0.073037913,0.511433654,-0.123577023,0.020678851,0.550852046,0.18351357,0.049602288,0
DESPOTOVAC,35,POMORAVSKI,13,2000,40.28,26.47,7.33,68.4,1,1,167,686,0.022217016,0.058755794,0.504490974,-0.233203593,0.007095808,0.202108549,0.175471477,0.062668385,0
DIMITROVGRAD,36,PIROTSKI,22,2000,42.46,37.33,11.36,87.91,1,1,320,496,0.004426285,0.774466192,0.497330961,-0.067619048,0.005873016,0.539442467,0.179860402,0.029962547,1
DOLJEVAC,37,NISAVSKI,20,2000,11.79,11.79,11.21,86.95,1,1,70,739,0.007975052,0.049075598,0.482441793,-0.050436893,0.007864078,0,0.190225449,0.072031082,0
GADZIN HAN,38,NISAVSKI,20,2000,52.55,0.86,10.9,80.24,1,1,203,513,0.011085627,0.026481909,0.49060816,-0.113220339,0.000847458,0,0.125,0.123566514,1
GOLUBAC,39,BRANICEVSKI,11,2000,54.39,7.81,15.52,72.27,0,1,109,1033,0.016039544,0.068328938,0.508591065,-0.194065041,0.002520325,0,0.181882377,0.054877434,0
GORNJI MILANOVAC,40,MORAVICKI,17,2000,35.11,59.52,3.62,87.31,1,1,324,390,0.024054911,0.030566814,0.506866267,-0.025746421,0.024621677,0.447744511,0.191998489,0.024873533,1
GROCKA,41,BEOGRAD,0,2000,35.06,38.55,9.3,71,1,1,94,852,0.080460075,0.06914526,0.496710526,0.051058496,0.061016713,0.109773615,0.219913603,0.025892455,1
INDJIJA,42,SREMSKI,7,2000,36.03,34.32,19.38,75.64,1,1,218,754,0.192767441,0.281204029,0.511348192,0.087916667,0.004342105,0.522356619,0.199157411,0.024975307,0
IRIG,43,SREMSKI,7,2000,41.17,22.1,32.56,80.81,1,1,231,719,0.22159137,0.264705882,0.519151847,0.100803571,0.005982143,0.377393981,0.173980047,0.022386244,1
IVANJICA,44,MORAVICKI,17,2000,38.19,46.42,8.4,75.55,1,1,323,691,0.010410495,0.015673554,0.5042136,-0.031557377,0.000846995,0.308524545,0.199605022,0.047002398,1
JAGODINA,45,POMORAVSKI,13,2000,31.79,43.56,6.92,76.64,1,1,280,390,0.030341073,0.062631787,0.508710306,-0.074490862,0.067780679,0.485039451,0.194064378,0.032090163,1
KANJIZA,46,SEVERNOBANATSKI,3,2000,2.82,7.09,2.55,75.8,1,1,211,564,0.007379135,0.937817921,0.504137886,-0.064285714,0.001394558,0.376026326,0.187168302,0.010577972,0
KIKINDA,47,SEVERNOBANATSKI,3,2000,33.87,40.78,16.54,81.37,1,1,313,380,0.065311483,0.273547166,0.510464933,-0.045555556,0.001467236,0.617581661,0.196337423,0.023073938,0
KLADOVO ,48,BORSKI,14,2000,56.72,24.45,13.88,69.52,0,1,138,503,8.47E-05,0.117562184,0.504563847,-0.252753165,0.002943038,0.350773188,0.182272477,0.081057045,0
KNIC,49,SUMADIJSKI,12,2000,44.99,46.1,5.34,82.97,1,1,100,937,0.020497894,0.028305918,0.505132043,-0.066589595,0.022485549,0,0.154756007,0.044587565,0
KNJAZEVAC,50,ZAJECARSKI,15,2000,47.7,44.32,6.6,82.08,1,1,291,368,0.011164317,0.04621219,0.51143026,-0.07990099,0.007054455,0.447779848,0.156569461,0.042801033,1
KOCELJEVA,51,MACVANSKI,8,2000,45.67,38.88,9.13,77.79,0,1,130,884,0.012790995,0.035982185,0.49718706,-0.058072289,0.000240964,0,0.187132259,0.06593758,0
KOSJERIC,52,ZLATIBORSKI,16,2000,35.22,55.39,6.1,85.47,0,1,184,1007,0.013356189,0.017444114,0.50536245,-0.053986486,0.002837838,0.245122109,0.176630241,0.058924363,0
KOVACICA,53,JUZNOBANATSKI,4,2000,27.4,56.05,7.89,72.29,1,1,166,800,0.02592327,0.694706095,0.505543892,-0.044863014,0.003527397,0.243603202,0.19261384,0.017533166,0
KOVIN,54,JUZNOBANATSKI,4,2000,37.9,43.27,8.13,75.45,1,1,207,453,0.070947231,0.264668217,0.50093985,-0.008032345,0.008787062,0.356855681,0.193386229,0.038747894,0
KRAGUJEVAC,55,SUMADIJSKI,12,2000,33.57,34.33,5.25,80.79,1,1,348,295,0.012639219,0.058894738,0.508887473,-0.034054945,0.060697802,0.815935968,0.205879342,0.01924324,1
KRALJEVO,56,RASKI,18,2000,35.4,45.86,4.49,78.66,1,1,248,354,0.018873195,0.051370734,0.505732231,-0.032535771,0.145461049,0.500079504,0.200095311,0.027796265,0
KRUPANJ,57,MACVANSKI,8,2000,46.53,42.8,7.23,79.96,0,1,147,1158,0.006091521,0.031628502,0.491064491,-0.082181818,0.000863636,0.219159925,0.198791601,0.070176307,0
KRUSEVAC,58,RASINSKI,19,2000,33.08,49.28,4.56,80.23,1,1,284,368,0.011905487,0.050459413,0.51078132,-0.036891496,0.054765396,0.425522062,0.201647281,0.03920285,1
KUCEVO,59,BRANICEVSKI,11,2000,54.92,26.02,10.43,67.36,0,1,111,1109,0.023979158,0.06218566,0.508830754,-0.259527559,0.002007874,0.188935241,0.167535091,0.077201191,0
KULA,60,ZAPADNOBACKI,5,2000,33.06,40.81,10.8,75.45,1,1,248,701,0.066469506,0.557664618,0.513540358,-0.000971074,0.004524793,0.602424292,0.201786859,0.020908734,1
KURSUMLIJA,61,TOPLICKI,21,2000,42.82,14.89,8.82,79.35,1,1,227,527,0.011153277,0.047647308,0.501803063,-0.056419214,0.253275109,0.539221925,0.180997779,0.081312477,0
LAJKOVAC,62,KOLUBARSKI,9,2000,46.78,36.03,6.39,86.94,0,1,207,681,0.031180401,0.040415444,0.501409562,-0.025028571,0.004971429,0.193279206,0.186906576,0.038916891,0
LAPOVO,63,SUMADIJSKI,12,2000,40.85,48.53,8.56,80.65,0,1,253,588,0.021390374,0.033438819,0.50108692,-0.115268817,0.069677419,0.497163819,0.186922703,0.019202722,0
LAZAREVAC,64,BEOGRAD,0,2000,39.42,39.37,3.67,83.31,1,1,378,500,0.025345662,0.041727523,0.498300576,-0.024816667,0.033683333,0.352002364,0.199347131,0.026747107,0
LEBANE,65,JABLANICKI,23,2000,46.89,19.41,7.93,77.96,1,1,199,727,0.003812505,0.054787941,0.49,-0.070223881,0.010597015,0.352002364,0.187936431,0.097840918,0
LESKOVAC,66,JABLANICKI,23,2000,39.79,31.82,8.63,81.53,1,1,245,314,0.005555129,0.066610695,0.5,-0.03904059,0.030885609,0.419641204,0.200144638,0.065951156,0
LJIG,67,KOLUBARSKI,9,2000,40.52,35.22,4.72,86.53,0,1,192,775,0.03486226,0.021870287,0.493556631,-0.037565789,0.008157895,0.189416792,0.173559368,0.031649463,0
LJUBOVIJA,68,MACVANSKI,8,2000,43.21,37.03,8.16,81.92,1,1,163,763,0.035010556,0.014246099,0.500627338,-0.063076923,0.001098901,0.280414388,0.19358433,0.077879428,1
LOZNICA,69,MACVANSKI,8,2000,38.57,37.2,12.48,70.87,1,1,288,468,0.125131635,0.044443165,0.501932492,-0.009025229,0.004816514,0.226598447,0.203059725,0.041058637,1
LUCANI,70,MORAVICKI,17,2000,36.26,41.08,6.33,80.04,1,1,280,619,0.01137564,0.025140796,0.500328731,-0.056934866,0.002528736,0.55146468,0.171244007,0.046599496,0
MAJDANPEK,71,BORSKI,14,2000,43.3,27.21,8.51,74.43,0,1,363,443,0.010125301,0.084228212,0.514156522,-0.122111111,0.000666667,0.55146468,0.195249546,0.053537527,0
MALI IDJOS,72,SEVERNOBACKI,1,2000,25.83,12.05,4.9,76.74,1,1,199,742,0.045131169,0.886480478,0.495402381,-0.029208633,0.006043165,0.308004847,0.190306803,0.017415147,0
MALI ZVORNIK,73,MACVANSKI,8,2000,42.28,32.79,15.41,71.83,0,1,200,1200,0.274225632,0.136075273,0.495,-0.035890411,0.001575342,0.308004847,0.194373402,0.049161694,1
MALO CRNICE,74,BRANICEVSKI,11,2000,50.36,20.58,11.41,62.73,1,1,39,1320,0.02663683,0.042126379,0.506118355,-0.293214286,0.001326531,0,0.192593662,0.03869198,0
MEDVEDJA,75,JABLANICKI,23,2000,68.54,,7.32,51.8,0,1,139,574,0.006598513,0.387043686,0.501423648,-0.190977444,0.053759398,0.268769669,0.176301115,0.08605948,0
MEROSINA,76,NISAVSKI,20,2000,50.59,24.75,8.79,82.57,1,1,61,781,0.002430462,0.031572556,0.490771099,-0.08,0.011180124,0,0.174858223,0.104307318,0
MIONICA,77,KOLUBARSKI,9,2000,47.87,49.31,2.82,90.13,1,1,144,1000,0.050384546,0.026197605,0.499251497,-0.011197605,0.005149701,0.096672041,0.173317992,0.058681039,0
MLADENOVAC,78,BEOGRAD,0,2000,35.03,41.03,6.78,75.75,1,1,222,507,0.057420461,0.039351647,0.50598521,-0.067673179,0.084902309,0.413183422,0.194322728,0.024137931,0
NEGOTIN ,79,BORSKI,14,2000,58.87,27.6,6.74,66.68,1,1,157,470,0.0119766,0.044560856,0.515768792,-0.251413793,0.008931034,0.291445557,0.173729789,0.053641347,0
NIS,80,NISAVSKI,20,2000,24.3,51.95,6.62,79.54,1,1,346,175,0.007831773,0.075497972,0.505306172,-0.003904573,0.0372167,0.722935706,0.205865447,0.019084457,0
NOVA CRNJA,81,SREDNJOBANATSKI,2,2000,33,38.39,17.41,80.23,0,1,197,617,0.053443526,0.32425368,0.514850803,-0.085971223,0.004028777,0,0.169775679,0.047068083,0
NOVA VAROS,82,ZLATIBORSKI,16,2000,43.09,27.78,7.51,75.18,1,1,261,529,0.007857071,0.115899505,0.506005868,-0.074907407,0.001805556,0.477902072,0.186417776,0.050945851,0
NOVI BECEJ,83,SREDNJOBANATSKI,2,2000,33.83,45.21,15.71,76.98,0,1,220,829,0.038961521,0.339968042,0.513506936,-0.02801444,0.000974729,0.535549143,0.186376467,0.022136384,0
NOVI BEOGRAD,84,BEOGRAD,0,2000,29.66,53.97,11.68,72.84,1,1,239,564,0.060994706,0.210824154,0.508486131,-0.068550043,0.018130881,1,0.211132693,0.005409302,1
NOVI KNEZEVAC,85,SEVERNOBANATSKI,3,2000,29.52,41.44,12.73,85.93,0,1,250,519,0.066435453,0.460263463,0.51173063,-0.009541985,0.002671756,0.58377987,0.184508671,0.021965318,0
NOVI PAZAR,86,RASKI,18,2000,22.53,3.24,8.43,56.96,1,1,210,484,0.008267826,0.776372743,0.496190476,-0.063224401,0.04208061,0.608453851,0.229103679,0.039246011,0
NOVI SAD,87,JUZNOBACKI,6,2000,23.29,44.24,14.63,70.98,1,1,407,196,0.100272642,0.346728747,0.522333613,0.073507891,0.01097561,0.812424868,0.22033853,0.012626381,1
OBRENOVAC,88,BEOGRAD,0,2000,35.67,40.36,7.42,75.15,1,1,192,657,0.083902783,0.0618931,0.501580431,0.002471751,0.056694915,0.315801464,0.204804509,0.030588235,1
ODZACI,89,ZAPADNOBACKI,5,2000,47.45,31.2,14.47,75.49,0,1,240,700,0.080012366,0.206714488,0.510905503,-0.025150685,0.002547945,0.281756613,0.187735372,0.043561351,0
OPOVO,90,JUZNOBANATSKI,4,2000,32.28,39.37,18.39,76.68,0,1,157,747,0.037581699,0.16101546,0.504654022,0.001454545,0.005181818,0.419476642,0.191267248,0.025326797,0
OSECINA,91,KOLUBARSKI,9,2000,45.37,46.34,5.64,86.44,0,1,148,1367,0.010373307,0.008121827,0.494595402,-0.065740741,0.000185185,0,0.173637265,0.060455897,0
PALILULA,92,BEOGRAD,0,2000,28.45,49.95,10.12,69.77,1,1,375,548,0.072750831,0.157912215,0.50274339,-0.006360739,0.023906947,0.877337481,0.211074906,0.012591243,1
PANCEVO,93,JUZNOBANATSKI,4,2000,27.86,42.64,8.17,71.54,1,1,303,354,0.069006464,0.310775102,0.509396724,-0.000298742,0.009599057,0.706951658,0.208851701,0.023568362,0
PARACIN,94,POMORAVSKI,13,2000,28.06,30.41,8.04,73.56,1,1,259,486,0.016500575,0.040658775,0.508107433,-0.08331761,0.014433962,0.399004323,0.182604072,0.038798648,0
PECINCI,95,SREMSKI,7,2000,40.07,32.92,16.34,82.11,1,1,199,714,0.148842184,0.098022613,0.498929656,0.086161616,0.00540404,0,0.191155956,0.026690226,0
PETROVAC,96,BRANICEVSKI,11,2000,46.21,26.52,4.57,65.18,0,1,92,700,0.021848106,0.110634722,0.510449433,-0.244835886,0.001969365,0.166501487,0.183130017,0.064037553,0
PIROT,97,PIROTSKI,22,2000,38.72,39.62,5.43,84.22,1,1,299,282,0.005533696,0.065831092,0.494603812,-0.034931921,0.005310136,0.594496036,0.186562368,0.029549623,0
PLANDISTE,98,JUZNOBANATSKI,4,2000,42.55,40.99,9.79,80.03,0,1,227,636,0.056963445,0.497016666,0.501610803,-0.016397059,0.000588235,0,0.172011662,0.047170517,0
POZAREVAC,99,BRANICEVSKI,11,2000,45.24,38.52,5.27,74.31,1,1,266,295,0.038530346,0.08202839,0.513333412,-0.128032596,0.021734575,0.640972624,0.204240207,0.027369096,0
POZEGA,100,ZLATIBORSKI,16,2000,39.79,37.06,3.36,83.26,1,1,223,670,0.018084415,0.023735779,0.505652407,-0.03024024,0.01006006,0.373415839,0.185736847,0.029542006,0
PRESEVO,101,PCINJSKI,24,2000,10.62,,0.94,57.64,1,1,85,1274,0.000573,0.283415288,0.500965838,-0.23790393,0.000720524,0.118387976,0.220203988,0.060566124,0
PRIBOJ,102,ZLATIBORSKI,16,2000,39.82,29.18,7.58,66.15,1,1,281,506,0.009019982,0.348529944,0.49879002,-0.158531856,0.002382271,0.615754777,0.196003555,0.034927741,1
PRIJEPOLJE,103,ZLATIBORSKI,16,2000,41.63,22.48,8.53,68.58,1,1,228,606,0.016776731,0.467598066,0.499258463,-0.127372881,0.007542373,0.33603439,0.210279693,0.040400117,0
PROKUPLJE,104,TOPLICKI,21,2000,35.09,29.13,8.45,77.74,1,1,238,305,0.015504835,0.065396741,0.507243913,-0.070862069,0.084712644,0.534614004,0.187831179,0.06113276,0
RACA,105,SUMADIJSKI,12,2000,33.74,19.79,6.04,81.34,0,1,185,822,0.024153098,0.023790747,0.506374869,-0.106275862,0.043931034,0.179350683,0.177328498,0.025696427,0
RAKOVICA,106,BEOGRAD,0,2000,30.15,50.97,11.35,70.67,1,1,170,598,0.063717172,0.133030526,0.510427966,-0.006024096,0.02438755,1,0.219878788,0.007434343,0
RASKA,107,RASKI,18,2000,42.12,36.13,7.35,80.49,1,1,272,586,0.008302139,0.039273663,0.501884291,-0.053298246,0.060842105,0.326156745,0.193951299,0.055965309,1
RAZANJ,108,NISAVSKI,20,2000,41.89,19.09,16.84,77.27,1,1,98,722,0.015128859,0.023413341,0.513179208,-0.09048,0.00312,0,0.149001671,0.064033776,0
REKOVAC,109,POMORAVSKI,13,2000,41.3,34.92,2.66,82.09,0,1,109,1080,0.023762084,0.017459291,0.500526747,-0.136878981,0.00433121,0,0.149361671,0.070253118,0
RUMA,110,SREMSKI,7,2000,34.46,47.38,13.97,75.65,1,1,230,717,0.173732627,0.215767786,0.513339266,0.083140794,0.003483755,0.519078147,0.198180182,0.03193014,0
SABAC,111,MACVANSKI,8,2000,36.53,45.27,5.53,76.3,1,1,229,363,0.054641029,0.051709495,0.510796984,-0.00168156,0.002721365,0.444380282,0.20569113,0.040384725,0
SAVSKI VENAC,112,BEOGRAD,0,2000,28.96,59.08,7.28,72.27,1,1,1469,170,0.049758852,0.192525481,0.535707568,-0.071943231,0.035938865,1,0.18934243,0.003387837,1
SECANJ,113,SREDNJOBANATSKI,2,2000,44.74,14.21,26.44,82.53,0,1,195,646,0.069487696,0.337672199,0.509444203,-0.074745763,0.003502825,0.192357794,0.169200708,0.035659767,0
SENTA,114,SEVERNOBANATSKI,3,2000,6.04,41.45,4.29,71.79,0,1,263,313,0.00563204,0.910872511,0.50863837,-0.090106762,0.000782918,0.793513401,0.188947121,0.014158323,0
SID,115,SREMSKI,7,2000,36.41,35.02,15.61,79.68,1,1,248,648,0.202601801,0.402951786,0.513325481,0.126387283,0.001734104,0.39099948,0.189207913,0.023811357,0
SJENICA,116,ZLATIBORSKI,16,2000,25.62,11.84,3.68,66.28,1,1,157,855,0.005076868,0.775956771,0.490424869,-0.196264368,0.004454023,0.428876815,0.21766178,0.06592778,1
SMEDEREVO,117,PODUNAVSKI,10,2000,37.86,45.64,6.92,75.21,1,1,245,420,0.024451548,0.066080248,0.503768768,-0.064659284,0.060962521,0.552844966,0.203316668,0.030052182,0
SMEDEREVSKA PALANKA,118,PODUNAVSKI,10,2000,40.28,36.95,4.33,78.49,0,1,209,349,0.019531878,0.038497543,0.506472818,-0.050661017,0.018661017,0.4216722,0.193658389,0.02794094,0
SOKOBANJA,119,ZAJECARSKI,15,2000,38.03,37.19,6.32,77.15,0,1,211,247,0.009261752,0.043193002,0.511893912,-0.098495146,0.01907767,0.384569814,0.165419202,0.033223844,0
SOMBOR,120,ZAPADNOBACKI,5,2000,25.6,41.06,10.69,73.38,1,1,287,337,0.118534283,0.491233547,0.519658351,0.016332288,0.002716823,0.510939846,0.19529523,0.023513566,0
SOPOT,121,BEOGRAD,0,2000,41.53,26.26,10.82,74.74,1,1,163,505,0.074840608,0.03142203,0.507039509,0.02979798,0.037929293,0.083792079,0.178960275,0.025453654,0
SRBOBRAN,122,JUZNOBACKI,6,2000,29.99,14.14,16.62,79.27,1,1,206,713,0.096947634,0.380247625,0.52338775,0.069161677,0.002934132,0.740882251,0.187846542,0.023410809,1
SREMSKA MITROVICA,123,SREMSKI,7,2000,27.94,47.43,14.53,79.35,1,1,276,382,0.146015227,0.183351303,0.508023515,0.001188811,0.003228438,0.49814752,0.200379502,0.025179856,0
SREMSKI KARLOVCI,124,JUZNOBACKI,6,2000,35.47,44.71,12.13,70.76,0,1,100,NA,0.173549044,0.410273427,0.528521222,0.091234568,0.012839506,1.018383347,0.203416676,0.013576196,0
STARA PAZOVA,125,SREMSKI,7,2000,33.23,41.43,15.13,76.95,1,1,239,916,0.188054931,0.289329912,0.505926659,0.161099656,0.004450172,0.296940352,0.211051261,0.019681544,0
STARI GRAD,126,BEOGRAD,0,2000,24.08,63.65,6.12,69.93,0,1,1187,171,0.082242587,0.183017615,0.543420794,-0.167271364,0.017991004,1,0.196082315,0.003312749,0
SUBOTICA,127,SEVERNOBACKI,1,2000,14.21,47.89,9.56,73.46,1,1,318,386,0.064817623,0.851628204,0.520323959,-0.000666667,0.011050505,0.717134947,0.20171697,0.009413683,1
SURDULICA,128,PCINJSKI,24,2000,46.1,19.28,26.86,73.72,1,1,268,353,0.003650293,0.221585636,0.503693836,-0.09796748,0.012682927,0.481409713,0.200360523,0.077422262,0
SVILAJNAC,129,POMORAVSKI,13,2000,43.63,47.69,3.6,67.18,0,1,127,702,0.029830269,0.036576533,0.507926537,-0.219847095,0.014250765,0.287808088,0.181843126,0.037474031,0
SVRLJIG,130,NISAVSKI,20,2000,39.51,23.42,6.48,80.01,1,1,236,679,0.01110854,0.019238187,0.500289296,-0.090315789,0.003526316,0.357810993,0.142443879,0.051839852,0
TEMERIN,131,JUZNOBACKI,6,2000,26.96,20.16,17.32,82.28,0,1,191,918,0.165870911,0.47383616,0.50785109,0.100194553,0.002529183,0.899441789,0.212095491,0.020583554,0
TITEL,132,JUZNOBACKI,6,2000,34.91,32.73,15.6,78.69,0,1,153,959,0.075894428,0.176408928,0.499321909,0.059006211,0.001677019,0.370299593,0.201876833,0.038181818,0
TOPOLA,133,SUMADIJSKI,12,2000,36.66,56.79,3.31,79.42,1,1,155,975,0.028981496,0.027738497,0.50831035,-0.063259259,0.015111111,0.166642474,0.1795034,0.027399968,0
TRGOVISTE,134,PCINJSKI,24,2000,57.25,,14.46,88.6,0,1,263,554,0.004080352,0.019871257,0.490064372,-0.115,0.010833333,0,0.179064658,0.10514752,0
TRSTENIK,135,RASINSKI,19,2000,34.14,21.77,8.94,79.01,1,1,292,684,0.013844993,0.031326882,0.507824157,-0.08159176,0.015037453,0.335547145,0.18143262,0.045062496,0
TUTIN,136,RASKI,18,2000,16.06,0.01,1.8,55.64,1,1,62,1049,0.002462235,0.957812365,0.478473044,-0.209105263,0.012631579,0.255262626,0.242563386,0.056265389,0
UB,137,KOLUBARSKI,9,2000,45.83,8.44,9.9,76,1,1,129,989,0.025417393,0.023183881,0.494550921,-0.064023324,0.003119534,0.167577256,0.187079492,0.05503987,0
UZICE,138,ZLATIBORSKI,16,2000,31.53,50.5,3.32,80.17,1,1,352,337,0.020946255,0.033050059,0.50661118,-0.016327014,0.005260664,0.727145156,0.205812917,0.02404182,1
VALJEVO,139,KOLUBARSKI,9,2000,34.86,50.46,3.83,85.09,1,1,328,321,0.019946053,0.041333252,0.506341354,-0.014653768,0.00496945,0.602031676,0.194665206,0.033370883,0
VARVARIN,140,RASINSKI,19,2000,45.24,20.4,4.9,77.3,0,1,83,1013,0.015704204,0.019520591,0.504286435,-0.121310044,0.006419214,0,0.17697048,0.056256833,0
VELIKA PLANA,141,PODUNAVSKI,10,2000,41.48,40.79,5.07,73.64,1,1,156,810,0.017404992,0.03542522,0.507487781,-0.121146245,0.035612648,0.336207234,0.191162582,0.033753092,0
VELIKO GRADISTE,142,BRANICEVSKI,11,2000,47.76,18.36,7.81,64.58,0,1,90,975,0.026041919,0.027526312,0.511545555,-0.237675277,0.003321033,0.220324603,0.198509124,0.029962728,0
VLADICIN HAN,143,PCINJSKI,24,2000,40.42,21.69,22.53,72.92,1,1,232,602,0.006792389,0.071589784,0.501564047,-0.055657371,0.010398406,0.310235597,0.199299667,0.090537063,0
VLADIMIRCI,144,MACVANSKI,8,2000,42.02,28.08,5.59,73.75,1,1,98,1050,0.040985618,0.016027427,0.495178916,-0.098539823,0.005088496,0,0.172581358,0.067687626,0
VLASOTINCE,145,JABLANICKI,23,2000,40.01,22.62,9.91,74.58,0,1,233,684,0.00951609,0.013876742,0.496064369,-0.020235294,0.005647059,0.424231823,0.197976705,0.077509606,0
VOZDOVAC,146,BEOGRAD,0,2000,27.71,53.88,9.47,68.72,1,1,175,519,0.035857361,0.128978287,0.517652357,-0.044282116,0.041813602,0.918002751,0.206347847,0.008967635,1
VRACAR,147,BEOGRAD,0,2000,24.04,65.07,5.73,70.92,1,1,457,248,0.045284829,0.164796211,0.543455303,-0.118036254,0.008564955,1,0.186346042,0.003100058,0
VRANJE,148,PCINJSKI,24,2000,52.57,23.98,11.67,82.95,1,1,314,312,0.006438457,0.093414087,0.501872443,-0.015918828,0.062356257,0.66572274,0.21364907,0.052779305,1
VRBAS,149,JUZNOBACKI,6,2000,39.81,41.11,13.02,78.22,1,1,294,439,0.049027305,0.582049348,0.514941141,-0.028559322,0.004427966,0.557500755,0.208758615,0.018537905,1
VRNJACKA BANJA,150,RASKI,18,2000,34.72,39.09,12.45,81.18,1,1,232,291,0.031141477,0.061062802,0.513690407,-0.000301887,0.124981132,0.380000775,0.188547486,0.029820323,0
VRSAC,151,JUZNOBANATSKI,4,2000,33.61,46.49,8.01,71.74,1,1,257,330,0.047343155,0.344576492,0.517973884,-0.049493007,0.003933566,0.63290379,0.201272784,0.022384079,1
ZABALJ,152,JUZNOBACKI,6,2000,36.3,40.99,16.54,68.83,1,1,180,759,0.073855995,0.171436316,0.49692397,0.074726563,0.000976563,0.339175856,0.20266783,0.043906517,0
ZABARI,153,BRANICEVSKI,11,2000,54.23,3.11,6.85,64.35,0,1,55,1016,0.029307964,0.023362795,0.506900295,-0.317591623,0.002303665,0,0.164799754,0.05616081,0
ZAGUBICA,154,BRANICEVSKI,11,2000,61.09,10.15,15.62,71.27,0,1,110,911,0.006004183,0.076672104,0.506553412,-0.133157895,0.000467836,0,0.160966066,0.090602442,0
ZAJECAR,155,ZAJECARSKI,15,2000,42.75,42.61,8.05,77.62,1,1,285,279,0.012566509,0.078047909,0.513609824,-0.056237482,0.008311874,0.543090924,0.176719368,0.026330549,0
ZEMUN,156,BEOGRAD,0,2000,26.89,45.37,20.85,70.27,1,1,302,311,0.129651178,0.194923277,0.508613415,0.058227499,0.034180011,0.888885845,0.216880169,0.014208563,0
ZITISTE,157,SREDNJOBANATSKI,2,2000,37.55,42.91,10.29,77.74,1,1,163,659,0.066669935,0.467794782,0.510726978,-0.059953917,0.000829493,0.134865968,0.175400755,0.03706064,0
ZITORADJA,158,TOPLICKI,21,2000,37.29,21.03,11.24,86.32,1,1,71,672,0.00768935,0.062164236,0.492438612,-0.056632124,0.017875648,0,0.184269786,0.10550887,0
ZRENJANIN,159,SREDNJOBANATSKI,2,2000,27.86,45.44,11.79,73.44,1,1,306,374,0.042604751,0.313164398,0.514059279,-0.018208178,0.005605948,0.594067797,0.202005286,0.018674603,0
ZVEZDARA,160,BEOGRAD,0,2000,27.7,55.73,8.57,68.58,1,1,261,258,0.079097579,0.138664465,0.501607497,-0.052707143,0.031085714,1,0.217831264,0.007291455,0
